
/*!40101 SET @OLD_CHARACTER_SET_CLIENT=@@CHARACTER_SET_CLIENT */;
/*!40101 SET @OLD_CHARACTER_SET_RESULTS=@@CHARACTER_SET_RESULTS */;
/*!40101 SET @OLD_COLLATION_CONNECTION=@@COLLATION_CONNECTION */;
/*!50503 SET NAMES utf8mb4 */;
/*!40103 SET @OLD_TIME_ZONE=@@TIME_ZONE */;
/*!40103 SET TIME_ZONE='+00:00' */;
/*!40014 SET @OLD_UNIQUE_CHECKS=@@UNIQUE_CHECKS, UNIQUE_CHECKS=0 */;
/*!40014 SET @OLD_FOREIGN_KEY_CHECKS=@@FOREIGN_KEY_CHECKS, FOREIGN_KEY_CHECKS=0 */;
/*!40101 SET @OLD_SQL_MODE=@@SQL_MODE, SQL_MODE='NO_AUTO_VALUE_ON_ZERO' */;
/*!40111 SET @OLD_SQL_NOTES=@@SQL_NOTES, SQL_NOTES=0 */;

CREATE DATABASE /*!32312 IF NOT EXISTS*/ `campus_takeout` /*!40100 DEFAULT CHARACTER SET utf8mb4 COLLATE utf8mb4_general_ci */ /*!80016 DEFAULT ENCRYPTION='N' */;

USE `campus_takeout`;
DROP TABLE IF EXISTS `address`;
/*!40101 SET @saved_cs_client     = @@character_set_client */;
/*!50503 SET character_set_client = utf8mb4 */;
CREATE TABLE `address` (
  `id` bigint NOT NULL AUTO_INCREMENT,
  `user_id` bigint NOT NULL,
  `name` varchar(50) COLLATE utf8mb4_general_ci DEFAULT NULL,
  `phone` varchar(20) COLLATE utf8mb4_general_ci DEFAULT NULL,
  `detail` varchar(255) COLLATE utf8mb4_general_ci DEFAULT NULL,
  `is_default` tinyint DEFAULT '0',
  `deleted` tinyint DEFAULT '0',
  PRIMARY KEY (`id`)
) ENGINE=InnoDB AUTO_INCREMENT=24 DEFAULT CHARSET=utf8mb4 COLLATE=utf8mb4_general_ci COMMENT='收货地址';
/*!40101 SET character_set_client = @saved_cs_client */;

LOCK TABLES `address` WRITE;
/*!40000 ALTER TABLE `address` DISABLE KEYS */;
INSERT INTO `address` VALUES (1,17,'小明','13700000000','XX大学桃园宿舍277室',1,0),(2,17,'小明','13700000000','XX大学桃园宿舍124室',0,0),(3,18,'小红','13700000001','XX大学体育馆519室',1,0),(4,18,'小红','13700000001','XX大学行政楼514室',0,0),(5,19,'李雷','13700000002','XX大学行政楼127室',1,0),(6,20,'韩梅梅','13700000003','XX大学桃园宿舍497室',1,0),(7,21,'王小二','13700000004','XX大学体育馆126室',1,0),(8,22,'赵四','13700000005','XX大学第一教学楼206室',1,0),(9,23,'刘能','13700000006','XX大学实验楼172室',1,0),(10,23,'刘能','13700000006','XX大学桃园宿舍518室',0,0),(11,24,'谢广坤','13700000007','XX大学图书馆166室',1,0),(12,24,'谢广坤','13700000007','XX大学图书馆439室',0,0),(13,25,'宋小宝','13700000008','XX大学桃园宿舍386室',1,0),(14,25,'宋小宝','13700000008','XX大学南门473室',0,0),(15,26,'周杰','13700000009','XX大学南门208室',1,0),(16,26,'周杰','13700000009','XX大学图书馆301室',0,0),(17,27,'陈乔恩','13700000010','XX大学实验楼110室',1,0),(18,28,'林志玲','13700000011','XX大学图书馆471室',1,0),(19,28,'林志玲','13700000011','XX大学实验楼139室',0,0),(20,29,'黄渤','13700000012','XX大学桃园宿舍168室',1,0),(21,29,'黄渤','13700000012','XX大学桃园宿舍146室',0,0),(22,30,'徐峥','13700000013','XX大学学生公寓1栋136室',1,0),(23,31,'沈腾','13700000014','XX大学体育馆488室',1,0);
/*!40000 ALTER TABLE `address` ENABLE KEYS */;
UNLOCK TABLES;
DROP TABLE IF EXISTS `dish`;
/*!40101 SET @saved_cs_client     = @@character_set_client */;
/*!50503 SET character_set_client = utf8mb4 */;
CREATE TABLE `dish` (
  `id` bigint NOT NULL AUTO_INCREMENT,
  `shop_id` bigint NOT NULL,
  `name` varchar(100) COLLATE utf8mb4_general_ci NOT NULL,
  `image` varchar(255) COLLATE utf8mb4_general_ci DEFAULT NULL,
  `price` decimal(10,2) NOT NULL,
  `description` varchar(255) COLLATE utf8mb4_general_ci DEFAULT NULL,
  `dish_category` varchar(50) COLLATE utf8mb4_general_ci DEFAULT NULL,
  `sales` int DEFAULT '0',
  `stock` int DEFAULT '0',
  `status` tinyint DEFAULT '1' COMMENT '1上架0下架',
  `create_time` datetime DEFAULT NULL,
  `deleted` tinyint DEFAULT '0',
  PRIMARY KEY (`id`)
) ENGINE=InnoDB AUTO_INCREMENT=110 DEFAULT CHARSET=utf8mb4 COLLATE=utf8mb4_general_ci COMMENT='菜品';
/*!40101 SET character_set_client = @saved_cs_client */;

LOCK TABLES `dish` WRITE;
/*!40000 ALTER TABLE `dish` DISABLE KEYS */;
INSERT INTO `dish` VALUES (1,1,'香辣鸡腿堡','uploads/dish/d_1_1.jpg',19.50,'香辣鸡腿堡，张亮汉堡快餐店招牌出品','快餐简餐',273,63,1,'2026-04-03 19:49:00',0),(2,1,'黄金鸡块','uploads/dish/d_1_2.jpg',13.20,'黄金鸡块，张亮汉堡快餐店招牌出品','快餐简餐',60,190,1,'2026-03-31 20:04:00',0),(3,1,'薯条(大)','uploads/dish/d_1_3.jpg',28.70,'薯条(大)，张亮汉堡快餐店招牌出品','快餐简餐',270,91,1,'2026-06-01 14:11:00',0),(4,1,'劲脆鸡排饭','uploads/dish/d_1_4.jpg',32.20,'劲脆鸡排饭，张亮汉堡快餐店招牌出品','快餐简餐',347,20,1,'2026-06-08 07:22:00',0),(5,1,'照烧鸡腿堡','uploads/dish/d_1_5.jpg',9.30,'照烧鸡腿堡，张亮汉堡快餐店招牌出品','快餐简餐',598,194,1,'2026-04-30 06:30:00',0),(6,1,'可乐鸡翅','uploads/dish/d_1_6.jpg',25.90,'可乐鸡翅，张亮汉堡快餐店招牌出品','快餐简餐',164,70,1,'2026-01-29 05:13:00',0),(7,2,'珍珠奶茶','uploads/dish/d_2_1.jpg',10.30,'珍珠奶茶，一点点奶茶(南门店)招牌出品','奶茶饮品',722,35,1,'2026-03-07 02:02:00',0),(8,2,'杨枝甘露','uploads/dish/d_2_2.jpg',13.90,'杨枝甘露，一点点奶茶(南门店)招牌出品','奶茶饮品',3,79,1,'2026-03-05 18:21:00',0),(9,2,'芝芝莓莓','uploads/dish/d_2_3.jpg',12.70,'芝芝莓莓，一点点奶茶(南门店)招牌出品','奶茶饮品',111,131,1,'2026-02-01 14:11:00',0),(10,2,'百香果茶','uploads/dish/d_2_4.jpg',25.70,'百香果茶，一点点奶茶(南门店)招牌出品','奶茶饮品',59,151,1,'2026-05-18 13:25:00',0),(11,2,'招牌奶绿','uploads/dish/d_2_5.jpg',22.20,'招牌奶绿，一点点奶茶(南门店)招牌出品','奶茶饮品',145,138,1,'2026-05-29 00:35:00',0),(12,2,'黑糖波波','uploads/dish/d_2_6.jpg',23.40,'黑糖波波，一点点奶茶(南门店)招牌出品','奶茶饮品',115,50,1,'2026-03-19 17:13:00',0),(13,3,'黄焖鸡米饭','uploads/dish/d_3_1.jpg',14.80,'黄焖鸡米饭，黄焖鸡米饭旗舰店招牌出品','米饭套餐',266,145,1,'2026-02-07 21:32:00',0),(14,3,'宫保鸡丁饭','uploads/dish/d_3_2.jpg',34.00,'宫保鸡丁饭，黄焖鸡米饭旗舰店招牌出品','米饭套餐',176,38,1,'2026-01-20 03:09:00',0),(15,3,'红烧肉盖饭','uploads/dish/d_3_3.jpg',15.40,'红烧肉盖饭，黄焖鸡米饭旗舰店招牌出品','米饭套餐',79,86,1,'2026-04-05 15:15:00',0),(16,3,'土豆牛肉饭','uploads/dish/d_3_4.jpg',9.60,'土豆牛肉饭，黄焖鸡米饭旗舰店招牌出品','米饭套餐',485,92,1,'2026-05-16 22:00:00',0),(17,3,'鱼香肉丝饭','uploads/dish/d_3_5.jpg',32.90,'鱼香肉丝饭，黄焖鸡米饭旗舰店招牌出品','米饭套餐',60,193,1,'2026-01-20 13:49:00',0),(18,3,'排骨饭','uploads/dish/d_3_6.jpg',25.30,'排骨饭，黄焖鸡米饭旗舰店招牌出品','米饭套餐',468,27,1,'2026-04-14 16:01:00',0),(19,3,'麻婆豆腐饭','uploads/dish/d_3_7.jpg',31.00,'麻婆豆腐饭，黄焖鸡米饭旗舰店招牌出品','米饭套餐',251,157,1,'2026-02-25 12:34:00',0),(20,3,'咖喱鸡饭','uploads/dish/d_3_8.jpg',28.20,'咖喱鸡饭，黄焖鸡米饭旗舰店招牌出品','米饭套餐',510,141,1,'2026-05-10 00:33:00',0),(21,4,'牛肉拉面','uploads/dish/d_4_1.jpg',29.50,'牛肉拉面，兰州牛肉拉面馆招牌出品','面食粉面',290,187,1,'2026-03-26 20:42:00',0),(22,4,'酸辣粉','uploads/dish/d_4_2.jpg',11.40,'酸辣粉，兰州牛肉拉面馆招牌出品','面食粉面',645,64,1,'2026-04-16 12:58:00',0),(23,4,'重庆小面','uploads/dish/d_4_3.jpg',20.60,'重庆小面，兰州牛肉拉面馆招牌出品','面食粉面',352,37,1,'2026-03-09 07:23:00',0),(24,4,'番茄鸡蛋面','uploads/dish/d_4_4.jpg',8.20,'番茄鸡蛋面，兰州牛肉拉面馆招牌出品','面食粉面',24,90,1,'2026-01-20 11:31:00',0),(25,4,'螺蛳粉','uploads/dish/d_4_5.jpg',22.40,'螺蛳粉，兰州牛肉拉面馆招牌出品','面食粉面',644,47,1,'2026-05-30 16:13:00',0),(26,4,'炸酱面','uploads/dish/d_4_6.jpg',28.00,'炸酱面，兰州牛肉拉面馆招牌出品','面食粉面',366,193,1,'2026-06-04 12:42:00',0),(27,4,'热干面','uploads/dish/d_4_7.jpg',14.10,'热干面，兰州牛肉拉面馆招牌出品','面食粉面',364,87,1,'2026-06-01 09:15:00',0),(28,4,'鸭血粉丝汤','uploads/dish/d_4_8.jpg',21.00,'鸭血粉丝汤，兰州牛肉拉面馆招牌出品','面食粉面',146,125,1,'2026-04-13 12:22:00',0),(29,5,'烤羊肉串(10串)','uploads/dish/d_5_1.jpg',24.00,'烤羊肉串(10串)，深夜食堂烧烤招牌出品','烧烤夜宵',140,76,1,'2026-03-16 17:43:00',0),(30,5,'烤鸡翅','uploads/dish/d_5_2.jpg',24.80,'烤鸡翅，深夜食堂烧烤招牌出品','烧烤夜宵',114,34,1,'2026-04-13 22:05:00',0),(31,5,'烤韭菜','uploads/dish/d_5_3.jpg',31.30,'烤韭菜，深夜食堂烧烤招牌出品','烧烤夜宵',543,35,1,'2026-03-13 05:28:00',0),(32,5,'烤金针菇','uploads/dish/d_5_4.jpg',23.70,'烤金针菇，深夜食堂烧烤招牌出品','烧烤夜宵',411,25,1,'2026-03-08 15:12:00',0),(33,5,'烤茄子','uploads/dish/d_5_5.jpg',18.50,'烤茄子，深夜食堂烧烤招牌出品','烧烤夜宵',730,185,1,'2026-03-23 12:38:00',0),(34,5,'烤五花肉','uploads/dish/d_5_6.jpg',20.70,'烤五花肉，深夜食堂烧烤招牌出品','烧烤夜宵',615,34,1,'2026-04-18 16:47:00',0),(35,5,'烤玉米','uploads/dish/d_5_7.jpg',26.90,'烤玉米，深夜食堂烧烤招牌出品','烧烤夜宵',463,150,1,'2026-03-16 13:04:00',0),(36,5,'麻辣小龙虾','uploads/dish/d_5_8.jpg',27.70,'麻辣小龙虾，深夜食堂烧烤招牌出品','烧烤夜宵',274,98,1,'2026-03-27 04:27:00',0),(37,6,'提拉米苏','uploads/dish/d_6_1.jpg',10.70,'提拉米苏，甜心烘焙坊招牌出品','甜品烘焙',589,152,1,'2026-03-29 14:24:00',0),(38,6,'芒果千层','uploads/dish/d_6_2.jpg',27.50,'芒果千层，甜心烘焙坊招牌出品','甜品烘焙',758,114,1,'2026-02-09 21:58:00',0),(39,6,'草莓蛋糕','uploads/dish/d_6_3.jpg',18.00,'草莓蛋糕，甜心烘焙坊招牌出品','甜品烘焙',220,87,1,'2026-06-08 00:34:00',0),(40,6,'巧克力慕斯','uploads/dish/d_6_4.jpg',14.90,'巧克力慕斯，甜心烘焙坊招牌出品','甜品烘焙',490,146,1,'2026-03-19 11:16:00',0),(41,6,'蛋挞(2个)','uploads/dish/d_6_5.jpg',10.60,'蛋挞(2个)，甜心烘焙坊招牌出品','甜品烘焙',399,20,1,'2026-04-24 21:20:00',0),(42,6,'双皮奶','uploads/dish/d_6_6.jpg',8.70,'双皮奶，甜心烘焙坊招牌出品','甜品烘焙',414,196,1,'2026-02-13 15:06:00',0),(43,6,'舒芙蕾','uploads/dish/d_6_7.jpg',34.00,'舒芙蕾，甜心烘焙坊招牌出品','甜品烘焙',447,106,1,'2026-06-02 05:05:00',0),(44,6,'红豆双皮奶','uploads/dish/d_6_8.jpg',10.80,'红豆双皮奶，甜心烘焙坊招牌出品','甜品烘焙',281,141,1,'2026-01-16 17:27:00',0),(45,7,'皮蛋瘦肉粥','uploads/dish/d_7_1.jpg',30.10,'皮蛋瘦肉粥，元气营养早餐铺招牌出品','营养早餐',72,103,1,'2026-02-06 23:43:00',0),(46,7,'小笼包(6个)','uploads/dish/d_7_2.jpg',17.10,'小笼包(6个)，元气营养早餐铺招牌出品','营养早餐',336,35,1,'2026-03-09 21:03:00',0),(47,7,'豆浆油条','uploads/dish/d_7_3.jpg',14.20,'豆浆油条，元气营养早餐铺招牌出品','营养早餐',329,44,1,'2026-03-07 20:11:00',0),(48,7,'鲜肉包','uploads/dish/d_7_4.jpg',34.50,'鲜肉包，元气营养早餐铺招牌出品','营养早餐',514,38,1,'2026-02-14 15:47:00',0),(49,7,'蒸饺(8个)','uploads/dish/d_7_5.jpg',28.00,'蒸饺(8个)，元气营养早餐铺招牌出品','营养早餐',176,94,1,'2026-05-23 15:11:00',0),(50,7,'煎蛋三明治','uploads/dish/d_7_6.jpg',14.70,'煎蛋三明治，元气营养早餐铺招牌出品','营养早餐',638,61,1,'2026-04-16 08:21:00',0),(51,7,'南瓜粥','uploads/dish/d_7_7.jpg',37.40,'南瓜粥，元气营养早餐铺招牌出品','营养早餐',432,154,1,'2026-05-06 20:59:00',0),(52,8,'鸡胸肉沙拉','uploads/dish/d_8_1.jpg',31.90,'鸡胸肉沙拉，轻享健康轻食招牌出品','轻食沙拉',73,177,1,'2026-02-26 07:32:00',0),(53,8,'牛油果沙拉','uploads/dish/d_8_2.jpg',24.10,'牛油果沙拉，轻享健康轻食招牌出品','轻食沙拉',672,61,1,'2026-02-23 00:09:00',0),(54,8,'藜麦缤纷沙拉','uploads/dish/d_8_3.jpg',37.90,'藜麦缤纷沙拉，轻享健康轻食招牌出品','轻食沙拉',275,196,1,'2026-04-23 07:15:00',0),(55,8,'金枪鱼沙拉','uploads/dish/d_8_4.jpg',14.10,'金枪鱼沙拉，轻享健康轻食招牌出品','轻食沙拉',601,101,1,'2026-03-28 15:04:00',0),(56,8,'水果酸奶碗','uploads/dish/d_8_5.jpg',9.10,'水果酸奶碗，轻享健康轻食招牌出品','轻食沙拉',531,34,1,'2026-04-12 02:31:00',0),(57,8,'全麦鸡蛋卷','uploads/dish/d_8_6.jpg',36.00,'全麦鸡蛋卷，轻享健康轻食招牌出品','轻食沙拉',684,45,1,'2026-03-21 09:07:00',0),(58,8,'缤纷蔬菜杯','uploads/dish/d_8_7.jpg',33.30,'缤纷蔬菜杯，轻享健康轻食招牌出品','轻食沙拉',308,38,1,'2026-04-18 03:24:00',0),(59,8,'低脂能量碗','uploads/dish/d_8_8.jpg',36.80,'低脂能量碗，轻享健康轻食招牌出品','轻食沙拉',588,74,1,'2026-04-27 08:32:00',0),(60,9,'香辣鸡腿堡','uploads/dish/d_1_1.jpg',10.20,'香辣鸡腿堡，汉堡王(东区店)招牌出品','快餐简餐',444,147,1,'2026-04-14 14:52:00',0),(61,9,'黄金鸡块','uploads/dish/d_1_2.jpg',36.00,'黄金鸡块，汉堡王(东区店)招牌出品','快餐简餐',419,183,1,'2026-05-06 08:04:00',0),(62,9,'薯条(大)','uploads/dish/d_1_3.jpg',22.20,'薯条(大)，汉堡王(东区店)招牌出品','快餐简餐',712,140,1,'2026-04-26 08:24:00',0),(63,9,'劲脆鸡排饭','uploads/dish/d_1_4.jpg',24.80,'劲脆鸡排饭，汉堡王(东区店)招牌出品','快餐简餐',452,72,1,'2026-02-03 09:36:00',0),(64,9,'照烧鸡腿堡','uploads/dish/d_1_5.jpg',29.90,'照烧鸡腿堡，汉堡王(东区店)招牌出品','快餐简餐',377,44,1,'2026-03-31 13:10:00',0),(65,9,'可乐鸡翅','uploads/dish/d_1_6.jpg',19.20,'可乐鸡翅，汉堡王(东区店)招牌出品','快餐简餐',583,123,1,'2026-03-25 08:11:00',0),(66,9,'牛肉汉堡','uploads/dish/d_1_7.jpg',12.60,'牛肉汉堡，汉堡王(东区店)招牌出品','快餐简餐',312,115,1,'2026-04-02 13:09:00',0),(67,9,'原味炸鸡','uploads/dish/d_1_8.jpg',13.80,'原味炸鸡，汉堡王(东区店)招牌出品','快餐简餐',668,108,1,'2026-02-27 23:30:00',0),(68,10,'珍珠奶茶','uploads/dish/d_2_1.jpg',13.80,'珍珠奶茶，CoCo都可奶茶招牌出品','奶茶饮品',139,86,1,'2026-03-04 23:22:00',0),(69,10,'杨枝甘露','uploads/dish/d_2_2.jpg',8.70,'杨枝甘露，CoCo都可奶茶招牌出品','奶茶饮品',566,69,1,'2026-01-14 05:16:00',0),(70,10,'芝芝莓莓','uploads/dish/d_2_3.jpg',30.70,'芝芝莓莓，CoCo都可奶茶招牌出品','奶茶饮品',413,41,1,'2026-04-27 17:39:00',0),(71,10,'百香果茶','uploads/dish/d_2_4.jpg',35.70,'百香果茶，CoCo都可奶茶招牌出品','奶茶饮品',784,22,1,'2026-06-11 08:55:00',0),(72,10,'招牌奶绿','uploads/dish/d_2_5.jpg',11.10,'招牌奶绿，CoCo都可奶茶招牌出品','奶茶饮品',477,142,1,'2026-03-31 00:48:00',0),(73,10,'黑糖波波','uploads/dish/d_2_6.jpg',20.70,'黑糖波波，CoCo都可奶茶招牌出品','奶茶饮品',261,148,1,'2026-03-26 11:29:00',0),(74,11,'牛肉拉面','uploads/dish/d_4_1.jpg',9.10,'牛肉拉面，老碗面食馆招牌出品','面食粉面',37,133,1,'2026-03-03 17:54:00',0),(75,11,'酸辣粉','uploads/dish/d_4_2.jpg',22.70,'酸辣粉，老碗面食馆招牌出品','面食粉面',445,128,1,'2026-05-24 13:41:00',0),(76,11,'重庆小面','uploads/dish/d_4_3.jpg',20.70,'重庆小面，老碗面食馆招牌出品','面食粉面',327,92,1,'2026-03-02 06:09:00',0),(77,11,'番茄鸡蛋面','uploads/dish/d_4_4.jpg',24.60,'番茄鸡蛋面，老碗面食馆招牌出品','面食粉面',150,46,1,'2026-03-02 02:41:00',0),(78,11,'螺蛳粉','uploads/dish/d_4_5.jpg',33.40,'螺蛳粉，老碗面食馆招牌出品','面食粉面',338,197,1,'2026-01-25 09:39:00',0),(79,11,'炸酱面','uploads/dish/d_4_6.jpg',10.10,'炸酱面，老碗面食馆招牌出品','面食粉面',348,31,1,'2026-02-14 12:43:00',0),(80,11,'热干面','uploads/dish/d_4_7.jpg',30.70,'热干面，老碗面食馆招牌出品','面食粉面',787,66,1,'2026-05-31 00:04:00',0),(81,11,'鸭血粉丝汤','uploads/dish/d_4_8.jpg',37.00,'鸭血粉丝汤，老碗面食馆招牌出品','面食粉面',323,193,1,'2026-02-27 04:52:00',0),(82,12,'烤羊肉串(10串)','uploads/dish/d_5_1.jpg',30.10,'烤羊肉串(10串)，校园风味烧烤摊招牌出品','烧烤夜宵',318,34,1,'2026-05-02 15:47:00',0),(83,12,'烤鸡翅','uploads/dish/d_5_2.jpg',22.00,'烤鸡翅，校园风味烧烤摊招牌出品','烧烤夜宵',366,144,1,'2026-06-03 18:12:00',0),(84,12,'烤韭菜','uploads/dish/d_5_3.jpg',30.90,'烤韭菜，校园风味烧烤摊招牌出品','烧烤夜宵',670,75,1,'2026-04-30 21:06:00',0),(85,12,'烤金针菇','uploads/dish/d_5_4.jpg',10.50,'烤金针菇，校园风味烧烤摊招牌出品','烧烤夜宵',728,78,1,'2026-03-22 18:31:00',0),(86,12,'烤茄子','uploads/dish/d_5_5.jpg',13.40,'烤茄子，校园风味烧烤摊招牌出品','烧烤夜宵',606,172,1,'2026-03-21 11:29:00',0),(87,12,'烤五花肉','uploads/dish/d_5_6.jpg',12.50,'烤五花肉，校园风味烧烤摊招牌出品','烧烤夜宵',604,104,1,'2026-02-26 13:15:00',0),(88,12,'烤玉米','uploads/dish/d_5_7.jpg',31.80,'烤玉米，校园风味烧烤摊招牌出品','烧烤夜宵',90,163,1,'2026-04-04 18:56:00',0),(89,12,'麻辣小龙虾','uploads/dish/d_5_8.jpg',10.20,'麻辣小龙虾，校园风味烧烤摊招牌出品','烧烤夜宵',751,198,1,'2026-05-05 19:43:00',0),(90,13,'珍珠奶茶','uploads/dish/d_2_1.jpg',27.50,'珍珠奶茶，待审核·新晋茶饮店招牌出品','奶茶饮品',299,74,1,'2026-04-25 17:47:00',0),(91,13,'杨枝甘露','uploads/dish/d_2_2.jpg',21.80,'杨枝甘露，待审核·新晋茶饮店招牌出品','奶茶饮品',203,21,1,'2026-03-10 16:49:00',0),(92,13,'芝芝莓莓','uploads/dish/d_2_3.jpg',20.00,'芝芝莓莓，待审核·新晋茶饮店招牌出品','奶茶饮品',469,59,1,'2026-03-29 19:59:00',0),(93,13,'百香果茶','uploads/dish/d_2_4.jpg',14.90,'百香果茶，待审核·新晋茶饮店招牌出品','奶茶饮品',233,63,1,'2026-05-25 10:02:00',0),(94,13,'招牌奶绿','uploads/dish/d_2_5.jpg',33.80,'招牌奶绿，待审核·新晋茶饮店招牌出品','奶茶饮品',565,79,1,'2026-06-11 16:25:00',0),(95,13,'黑糖波波','uploads/dish/d_2_6.jpg',11.20,'黑糖波波，待审核·新晋茶饮店招牌出品','奶茶饮品',36,146,1,'2026-03-03 15:47:00',0),(96,13,'柠檬蜂蜜茶','uploads/dish/d_2_7.jpg',10.60,'柠檬蜂蜜茶，待审核·新晋茶饮店招牌出品','奶茶饮品',537,107,1,'2026-02-26 03:36:00',0),(97,14,'香辣鸡腿堡','uploads/dish/d_1_1.jpg',26.00,'香辣鸡腿堡，待审核·麻辣香锅快餐招牌出品','快餐简餐',608,162,1,'2026-03-27 05:00:00',0),(98,14,'黄金鸡块','uploads/dish/d_1_2.jpg',21.30,'黄金鸡块，待审核·麻辣香锅快餐招牌出品','快餐简餐',449,101,1,'2026-02-07 18:06:00',0),(99,14,'薯条(大)','uploads/dish/d_1_3.jpg',17.60,'薯条(大)，待审核·麻辣香锅快餐招牌出品','快餐简餐',311,36,1,'2026-04-02 23:52:00',0),(100,14,'劲脆鸡排饭','uploads/dish/d_1_4.jpg',35.80,'劲脆鸡排饭，待审核·麻辣香锅快餐招牌出品','快餐简餐',177,68,1,'2026-04-22 08:17:00',0),(101,14,'照烧鸡腿堡','uploads/dish/d_1_5.jpg',26.30,'照烧鸡腿堡，待审核·麻辣香锅快餐招牌出品','快餐简餐',495,137,1,'2026-02-04 00:16:00',0),(102,14,'可乐鸡翅','uploads/dish/d_1_6.jpg',14.10,'可乐鸡翅，待审核·麻辣香锅快餐招牌出品','快餐简餐',429,113,1,'2026-05-26 05:22:00',0),(103,15,'烤羊肉串(10串)','uploads/dish/d_5_1.jpg',29.60,'烤羊肉串(10串)，被驳回·三无小吃铺招牌出品','烧烤夜宵',510,31,1,'2026-01-25 01:22:00',0),(104,15,'烤鸡翅','uploads/dish/d_5_2.jpg',12.60,'烤鸡翅，被驳回·三无小吃铺招牌出品','烧烤夜宵',672,177,1,'2026-03-21 08:28:00',0),(105,15,'烤韭菜','uploads/dish/d_5_3.jpg',27.30,'烤韭菜，被驳回·三无小吃铺招牌出品','烧烤夜宵',684,177,1,'2026-01-22 10:24:00',0),(106,15,'烤金针菇','uploads/dish/d_5_4.jpg',29.20,'烤金针菇，被驳回·三无小吃铺招牌出品','烧烤夜宵',724,112,1,'2026-02-11 01:05:00',0),(107,15,'烤茄子','uploads/dish/d_5_5.jpg',27.80,'烤茄子，被驳回·三无小吃铺招牌出品','烧烤夜宵',797,99,1,'2026-01-14 00:33:00',0),(108,15,'烤五花肉','uploads/dish/d_5_6.jpg',34.00,'烤五花肉，被驳回·三无小吃铺招牌出品','烧烤夜宵',142,105,1,'2026-02-04 06:10:00',0),(109,15,'烤玉米','uploads/dish/d_5_7.jpg',12.00,'烤玉米，被驳回·三无小吃铺招牌出品','烧烤夜宵',3,72,1,'2026-02-21 14:07:00',0);
/*!40000 ALTER TABLE `dish` ENABLE KEYS */;
UNLOCK TABLES;
DROP TABLE IF EXISTS `notice`;
/*!40101 SET @saved_cs_client     = @@character_set_client */;
/*!50503 SET character_set_client = utf8mb4 */;
CREATE TABLE `notice` (
  `id` bigint NOT NULL AUTO_INCREMENT,
  `title` varchar(100) COLLATE utf8mb4_general_ci DEFAULT NULL,
  `content` varchar(500) COLLATE utf8mb4_general_ci DEFAULT NULL,
  `create_time` datetime DEFAULT NULL,
  `deleted` tinyint DEFAULT '0',
  PRIMARY KEY (`id`)
) ENGINE=InnoDB AUTO_INCREMENT=7 DEFAULT CHARSET=utf8mb4 COLLATE=utf8mb4_general_ci COMMENT='公告';
/*!40101 SET character_set_client = @saved_cs_client */;

LOCK TABLES `notice` WRITE;
/*!40000 ALTER TABLE `notice` DISABLE KEYS */;
INSERT INTO `notice` VALUES (1,'平台上线公告','校园外卖平台正式上线，欢迎广大师生使用，足不出户享受美食！','2026-06-11 06:10:00',0),(2,'配送时间调整','因近期天气原因，部分时段配送时间延长，请大家耐心等待。','2026-03-22 16:46:00',0),(3,'新商家入驻','本周新增多家优质商户，更多美味等你来发现。','2026-03-23 03:48:00',0),(4,'评价有奖活动','完成订单并评价，即有机会获得平台优惠券。','2026-03-27 01:26:00',0),(5,'文明用餐倡议','请大家节约粮食，按需点餐，共建文明校园。','2026-02-21 09:35:00',0),(6,'客服服务时间','平台客服服务时间为每日 8:00-22:00，如有问题请及时反馈。','2026-05-09 09:45:00',0);
/*!40000 ALTER TABLE `notice` ENABLE KEYS */;
UNLOCK TABLES;
DROP TABLE IF EXISTS `order_item`;
/*!40101 SET @saved_cs_client     = @@character_set_client */;
/*!50503 SET character_set_client = utf8mb4 */;
CREATE TABLE `order_item` (
  `id` bigint NOT NULL AUTO_INCREMENT,
  `order_id` bigint NOT NULL,
  `dish_id` bigint DEFAULT NULL,
  `dish_name` varchar(100) COLLATE utf8mb4_general_ci DEFAULT NULL,
  `dish_image` varchar(255) COLLATE utf8mb4_general_ci DEFAULT NULL,
  `price` decimal(10,2) DEFAULT NULL,
  `quantity` int DEFAULT NULL,
  PRIMARY KEY (`id`)
) ENGINE=InnoDB AUTO_INCREMENT=215 DEFAULT CHARSET=utf8mb4 COLLATE=utf8mb4_general_ci COMMENT='订单明细';
/*!40101 SET character_set_client = @saved_cs_client */;

LOCK TABLES `order_item` WRITE;
/*!40000 ALTER TABLE `order_item` DISABLE KEYS */;
INSERT INTO `order_item` VALUES (1,1,26,'炸酱面','uploads/dish/d_4_6.jpg',28.00,3),(2,1,27,'热干面','uploads/dish/d_4_7.jpg',14.10,1),(3,2,11,'招牌奶绿','uploads/dish/d_2_5.jpg',22.20,3),(4,2,9,'芝芝莓莓','uploads/dish/d_2_3.jpg',12.70,2),(5,2,12,'黑糖波波','uploads/dish/d_2_6.jpg',23.40,1),(6,2,7,'珍珠奶茶','uploads/dish/d_2_1.jpg',10.30,3),(7,3,56,'水果酸奶碗','uploads/dish/d_8_5.jpg',9.10,1),(8,3,53,'牛油果沙拉','uploads/dish/d_8_2.jpg',24.10,1),(9,3,59,'低脂能量碗','uploads/dish/d_8_8.jpg',36.80,1),(10,4,51,'南瓜粥','uploads/dish/d_7_7.jpg',37.40,3),(11,4,49,'蒸饺(8个)','uploads/dish/d_7_5.jpg',28.00,3),(12,4,47,'豆浆油条','uploads/dish/d_7_3.jpg',14.20,2),(13,5,69,'杨枝甘露','uploads/dish/d_2_2.jpg',8.70,1),(14,6,40,'巧克力慕斯','uploads/dish/d_6_4.jpg',14.90,1),(15,6,44,'红豆双皮奶','uploads/dish/d_6_8.jpg',10.80,1),(16,6,39,'草莓蛋糕','uploads/dish/d_6_3.jpg',18.00,1),(17,7,51,'南瓜粥','uploads/dish/d_7_7.jpg',37.40,3),(18,7,46,'小笼包(6个)','uploads/dish/d_7_2.jpg',17.10,3),(19,7,49,'蒸饺(8个)','uploads/dish/d_7_5.jpg',28.00,3),(20,7,47,'豆浆油条','uploads/dish/d_7_3.jpg',14.20,1),(21,8,41,'蛋挞(2个)','uploads/dish/d_6_5.jpg',10.60,1),(22,8,42,'双皮奶','uploads/dish/d_6_6.jpg',8.70,2),(23,8,43,'舒芙蕾','uploads/dish/d_6_7.jpg',34.00,3),(24,8,37,'提拉米苏','uploads/dish/d_6_1.jpg',10.70,1),(25,9,47,'豆浆油条','uploads/dish/d_7_3.jpg',14.20,2),(26,9,51,'南瓜粥','uploads/dish/d_7_7.jpg',37.40,1),(27,10,86,'烤茄子','uploads/dish/d_5_5.jpg',13.40,3),(28,10,89,'麻辣小龙虾','uploads/dish/d_5_8.jpg',10.20,1),(29,10,82,'烤羊肉串(10串)','uploads/dish/d_5_1.jpg',30.10,1),(30,10,84,'烤韭菜','uploads/dish/d_5_3.jpg',30.90,3),(31,11,24,'番茄鸡蛋面','uploads/dish/d_4_4.jpg',8.20,1),(32,11,28,'鸭血粉丝汤','uploads/dish/d_4_8.jpg',21.00,3),(33,11,25,'螺蛳粉','uploads/dish/d_4_5.jpg',22.40,2),(34,11,23,'重庆小面','uploads/dish/d_4_3.jpg',20.60,2),(35,12,78,'螺蛳粉','uploads/dish/d_4_5.jpg',33.40,2),(36,12,74,'牛肉拉面','uploads/dish/d_4_1.jpg',9.10,3),(37,13,26,'炸酱面','uploads/dish/d_4_6.jpg',28.00,2),(38,13,28,'鸭血粉丝汤','uploads/dish/d_4_8.jpg',21.00,2),(39,13,24,'番茄鸡蛋面','uploads/dish/d_4_4.jpg',8.20,3),(40,13,23,'重庆小面','uploads/dish/d_4_3.jpg',20.60,1),(41,14,38,'芒果千层','uploads/dish/d_6_2.jpg',27.50,1),(42,15,49,'蒸饺(8个)','uploads/dish/d_7_5.jpg',28.00,3),(43,15,48,'鲜肉包','uploads/dish/d_7_4.jpg',34.50,1),(44,15,46,'小笼包(6个)','uploads/dish/d_7_2.jpg',17.10,2),(45,16,1,'香辣鸡腿堡','uploads/dish/d_1_1.jpg',19.50,1),(46,16,6,'可乐鸡翅','uploads/dish/d_1_6.jpg',25.90,2),(47,16,2,'黄金鸡块','uploads/dish/d_1_2.jpg',13.20,1),(48,16,5,'照烧鸡腿堡','uploads/dish/d_1_5.jpg',9.30,1),(49,17,33,'烤茄子','uploads/dish/d_5_5.jpg',18.50,1),(50,17,30,'烤鸡翅','uploads/dish/d_5_2.jpg',24.80,1),(51,17,29,'烤羊肉串(10串)','uploads/dish/d_5_1.jpg',24.00,2),(52,18,74,'牛肉拉面','uploads/dish/d_4_1.jpg',9.10,3),(53,18,75,'酸辣粉','uploads/dish/d_4_2.jpg',22.70,1),(54,18,77,'番茄鸡蛋面','uploads/dish/d_4_4.jpg',24.60,3),(55,19,37,'提拉米苏','uploads/dish/d_6_1.jpg',10.70,2),(56,20,64,'照烧鸡腿堡','uploads/dish/d_1_5.jpg',29.90,3),(57,20,61,'黄金鸡块','uploads/dish/d_1_2.jpg',36.00,1),(58,21,6,'可乐鸡翅','uploads/dish/d_1_6.jpg',25.90,1),(59,22,41,'蛋挞(2个)','uploads/dish/d_6_5.jpg',10.60,1),(60,22,40,'巧克力慕斯','uploads/dish/d_6_4.jpg',14.90,3),(61,22,43,'舒芙蕾','uploads/dish/d_6_7.jpg',34.00,3),(62,23,21,'牛肉拉面','uploads/dish/d_4_1.jpg',29.50,1),(63,23,23,'重庆小面','uploads/dish/d_4_3.jpg',20.60,1),(64,23,26,'炸酱面','uploads/dish/d_4_6.jpg',28.00,3),(65,24,9,'芝芝莓莓','uploads/dish/d_2_3.jpg',12.70,2),(66,24,11,'招牌奶绿','uploads/dish/d_2_5.jpg',22.20,2),(67,24,10,'百香果茶','uploads/dish/d_2_4.jpg',25.70,3),(68,25,82,'烤羊肉串(10串)','uploads/dish/d_5_1.jpg',30.10,3),(69,25,83,'烤鸡翅','uploads/dish/d_5_2.jpg',22.00,3),(70,25,88,'烤玉米','uploads/dish/d_5_7.jpg',31.80,2),(71,26,29,'烤羊肉串(10串)','uploads/dish/d_5_1.jpg',24.00,3),(72,26,36,'麻辣小龙虾','uploads/dish/d_5_8.jpg',27.70,3),(73,26,31,'烤韭菜','uploads/dish/d_5_3.jpg',31.30,3),(74,27,59,'低脂能量碗','uploads/dish/d_8_8.jpg',36.80,2),(75,27,52,'鸡胸肉沙拉','uploads/dish/d_8_1.jpg',31.90,2),(76,27,56,'水果酸奶碗','uploads/dish/d_8_5.jpg',9.10,1),(77,28,41,'蛋挞(2个)','uploads/dish/d_6_5.jpg',10.60,2),(78,28,37,'提拉米苏','uploads/dish/d_6_1.jpg',10.70,1),(79,28,40,'巧克力慕斯','uploads/dish/d_6_4.jpg',14.90,3),(80,28,39,'草莓蛋糕','uploads/dish/d_6_3.jpg',18.00,2),(81,29,74,'牛肉拉面','uploads/dish/d_4_1.jpg',9.10,2),(82,29,77,'番茄鸡蛋面','uploads/dish/d_4_4.jpg',24.60,1),(83,29,76,'重庆小面','uploads/dish/d_4_3.jpg',20.70,3),(84,29,79,'炸酱面','uploads/dish/d_4_6.jpg',10.10,1),(85,30,58,'缤纷蔬菜杯','uploads/dish/d_8_7.jpg',33.30,1),(86,31,86,'烤茄子','uploads/dish/d_5_5.jpg',13.40,1),(87,31,83,'烤鸡翅','uploads/dish/d_5_2.jpg',22.00,1),(88,31,89,'麻辣小龙虾','uploads/dish/d_5_8.jpg',10.20,3),(89,31,87,'烤五花肉','uploads/dish/d_5_6.jpg',12.50,2),(90,32,71,'百香果茶','uploads/dish/d_2_4.jpg',35.70,3),(91,33,7,'珍珠奶茶','uploads/dish/d_2_1.jpg',10.30,3),(92,33,11,'招牌奶绿','uploads/dish/d_2_5.jpg',22.20,1),(93,33,10,'百香果茶','uploads/dish/d_2_4.jpg',25.70,3),(94,34,71,'百香果茶','uploads/dish/d_2_4.jpg',35.70,2),(95,35,54,'藜麦缤纷沙拉','uploads/dish/d_8_3.jpg',37.90,3),(96,35,56,'水果酸奶碗','uploads/dish/d_8_5.jpg',9.10,2),(97,35,52,'鸡胸肉沙拉','uploads/dish/d_8_1.jpg',31.90,1),(98,36,74,'牛肉拉面','uploads/dish/d_4_1.jpg',9.10,3),(99,36,78,'螺蛳粉','uploads/dish/d_4_5.jpg',33.40,1),(100,36,79,'炸酱面','uploads/dish/d_4_6.jpg',10.10,1),(101,37,60,'香辣鸡腿堡','uploads/dish/d_1_1.jpg',10.20,1),(102,37,64,'照烧鸡腿堡','uploads/dish/d_1_5.jpg',29.90,3),(103,37,63,'劲脆鸡排饭','uploads/dish/d_1_4.jpg',24.80,1),(104,37,62,'薯条(大)','uploads/dish/d_1_3.jpg',22.20,3),(105,38,40,'巧克力慕斯','uploads/dish/d_6_4.jpg',14.90,1),(106,38,42,'双皮奶','uploads/dish/d_6_6.jpg',8.70,2),(107,39,25,'螺蛳粉','uploads/dish/d_4_5.jpg',22.40,3),(108,40,46,'小笼包(6个)','uploads/dish/d_7_2.jpg',17.10,1),(109,40,50,'煎蛋三明治','uploads/dish/d_7_6.jpg',14.70,3),(110,40,45,'皮蛋瘦肉粥','uploads/dish/d_7_1.jpg',30.10,1),(111,40,48,'鲜肉包','uploads/dish/d_7_4.jpg',34.50,2),(112,41,20,'咖喱鸡饭','uploads/dish/d_3_8.jpg',28.20,3),(113,41,16,'土豆牛肉饭','uploads/dish/d_3_4.jpg',9.60,1),(114,41,13,'黄焖鸡米饭','uploads/dish/d_3_1.jpg',14.80,2),(115,42,32,'烤金针菇','uploads/dish/d_5_4.jpg',23.70,1),(116,42,30,'烤鸡翅','uploads/dish/d_5_2.jpg',24.80,3),(117,42,36,'麻辣小龙虾','uploads/dish/d_5_8.jpg',27.70,2),(118,42,31,'烤韭菜','uploads/dish/d_5_3.jpg',31.30,1),(119,43,61,'黄金鸡块','uploads/dish/d_1_2.jpg',36.00,2),(120,43,64,'照烧鸡腿堡','uploads/dish/d_1_5.jpg',29.90,3),(121,43,60,'香辣鸡腿堡','uploads/dish/d_1_1.jpg',10.20,3),(122,44,17,'鱼香肉丝饭','uploads/dish/d_3_5.jpg',32.90,2),(123,44,13,'黄焖鸡米饭','uploads/dish/d_3_1.jpg',14.80,2),(124,44,16,'土豆牛肉饭','uploads/dish/d_3_4.jpg',9.60,2),(125,45,27,'热干面','uploads/dish/d_4_7.jpg',14.10,3),(126,45,25,'螺蛳粉','uploads/dish/d_4_5.jpg',22.40,1),(127,45,22,'酸辣粉','uploads/dish/d_4_2.jpg',11.40,3),(128,45,28,'鸭血粉丝汤','uploads/dish/d_4_8.jpg',21.00,1),(129,46,26,'炸酱面','uploads/dish/d_4_6.jpg',28.00,2),(130,47,70,'芝芝莓莓','uploads/dish/d_2_3.jpg',30.70,3),(131,47,71,'百香果茶','uploads/dish/d_2_4.jpg',35.70,2),(132,48,39,'草莓蛋糕','uploads/dish/d_6_3.jpg',18.00,3),(133,48,42,'双皮奶','uploads/dish/d_6_6.jpg',8.70,3),(134,48,44,'红豆双皮奶','uploads/dish/d_6_8.jpg',10.80,3),(135,48,38,'芒果千层','uploads/dish/d_6_2.jpg',27.50,3),(136,49,60,'香辣鸡腿堡','uploads/dish/d_1_1.jpg',10.20,3),(137,49,61,'黄金鸡块','uploads/dish/d_1_2.jpg',36.00,1),(138,50,48,'鲜肉包','uploads/dish/d_7_4.jpg',34.50,1),(139,51,6,'可乐鸡翅','uploads/dish/d_1_6.jpg',25.90,1),(140,51,3,'薯条(大)','uploads/dish/d_1_3.jpg',28.70,2),(141,51,4,'劲脆鸡排饭','uploads/dish/d_1_4.jpg',32.20,3),(142,51,1,'香辣鸡腿堡','uploads/dish/d_1_1.jpg',19.50,1),(143,52,4,'劲脆鸡排饭','uploads/dish/d_1_4.jpg',32.20,1),(144,53,52,'鸡胸肉沙拉','uploads/dish/d_8_1.jpg',31.90,2),(145,53,58,'缤纷蔬菜杯','uploads/dish/d_8_7.jpg',33.30,2),(146,53,57,'全麦鸡蛋卷','uploads/dish/d_8_6.jpg',36.00,2),(147,53,55,'金枪鱼沙拉','uploads/dish/d_8_4.jpg',14.10,2),(148,54,42,'双皮奶','uploads/dish/d_6_6.jpg',8.70,1),(149,54,39,'草莓蛋糕','uploads/dish/d_6_3.jpg',18.00,1),(150,54,43,'舒芙蕾','uploads/dish/d_6_7.jpg',34.00,3),(151,55,86,'烤茄子','uploads/dish/d_5_5.jpg',13.40,2),(152,55,89,'麻辣小龙虾','uploads/dish/d_5_8.jpg',10.20,1),(153,55,84,'烤韭菜','uploads/dish/d_5_3.jpg',30.90,3),(154,55,87,'烤五花肉','uploads/dish/d_5_6.jpg',12.50,2),(155,56,64,'照烧鸡腿堡','uploads/dish/d_1_5.jpg',29.90,2),(156,56,65,'可乐鸡翅','uploads/dish/d_1_6.jpg',19.20,2),(157,56,67,'原味炸鸡','uploads/dish/d_1_8.jpg',13.80,2),(158,57,53,'牛油果沙拉','uploads/dish/d_8_2.jpg',24.10,2),(159,57,52,'鸡胸肉沙拉','uploads/dish/d_8_1.jpg',31.90,2),(160,57,55,'金枪鱼沙拉','uploads/dish/d_8_4.jpg',14.10,2),(161,57,57,'全麦鸡蛋卷','uploads/dish/d_8_6.jpg',36.00,1),(162,58,21,'牛肉拉面','uploads/dish/d_4_1.jpg',29.50,2),(163,58,27,'热干面','uploads/dish/d_4_7.jpg',14.10,1),(164,59,73,'黑糖波波','uploads/dish/d_2_6.jpg',20.70,2),(165,59,72,'招牌奶绿','uploads/dish/d_2_5.jpg',11.10,1),(166,59,69,'杨枝甘露','uploads/dish/d_2_2.jpg',8.70,1),(167,60,83,'烤鸡翅','uploads/dish/d_5_2.jpg',22.00,1),(168,61,17,'鱼香肉丝饭','uploads/dish/d_3_5.jpg',32.90,1),(169,62,14,'宫保鸡丁饭','uploads/dish/d_3_2.jpg',34.00,1),(170,63,77,'番茄鸡蛋面','uploads/dish/d_4_4.jpg',24.60,1),(171,63,80,'热干面','uploads/dish/d_4_7.jpg',30.70,2),(172,63,76,'重庆小面','uploads/dish/d_4_3.jpg',20.70,1),(173,64,39,'草莓蛋糕','uploads/dish/d_6_3.jpg',18.00,2),(174,64,37,'提拉米苏','uploads/dish/d_6_1.jpg',10.70,3),(175,64,38,'芒果千层','uploads/dish/d_6_2.jpg',27.50,2),(176,65,31,'烤韭菜','uploads/dish/d_5_3.jpg',31.30,2),(177,65,32,'烤金针菇','uploads/dish/d_5_4.jpg',23.70,3),(178,65,34,'烤五花肉','uploads/dish/d_5_6.jpg',20.70,3),(179,65,29,'烤羊肉串(10串)','uploads/dish/d_5_1.jpg',24.00,3),(180,66,15,'红烧肉盖饭','uploads/dish/d_3_3.jpg',15.40,1),(181,67,28,'鸭血粉丝汤','uploads/dish/d_4_8.jpg',21.00,2),(182,67,26,'炸酱面','uploads/dish/d_4_6.jpg',28.00,1),(183,67,25,'螺蛳粉','uploads/dish/d_4_5.jpg',22.40,1),(184,67,21,'牛肉拉面','uploads/dish/d_4_1.jpg',29.50,3),(185,68,62,'薯条(大)','uploads/dish/d_1_3.jpg',22.20,2),(186,68,65,'可乐鸡翅','uploads/dish/d_1_6.jpg',19.20,3),(187,68,66,'牛肉汉堡','uploads/dish/d_1_7.jpg',12.60,3),(188,69,29,'烤羊肉串(10串)','uploads/dish/d_5_1.jpg',24.00,3),(189,69,36,'麻辣小龙虾','uploads/dish/d_5_8.jpg',27.70,1),(190,69,35,'烤玉米','uploads/dish/d_5_7.jpg',26.90,2),(191,69,30,'烤鸡翅','uploads/dish/d_5_2.jpg',24.80,1),(192,70,4,'劲脆鸡排饭','uploads/dish/d_1_4.jpg',32.20,1),(193,70,2,'黄金鸡块','uploads/dish/d_1_2.jpg',13.20,2),(194,70,3,'薯条(大)','uploads/dish/d_1_3.jpg',28.70,1),(195,71,86,'烤茄子','uploads/dish/d_5_5.jpg',13.40,3),(196,72,11,'招牌奶绿','uploads/dish/d_2_5.jpg',22.20,2),(197,72,10,'百香果茶','uploads/dish/d_2_4.jpg',25.70,2),(198,72,9,'芝芝莓莓','uploads/dish/d_2_3.jpg',12.70,3),(199,72,8,'杨枝甘露','uploads/dish/d_2_2.jpg',13.90,2),(200,73,38,'芒果千层','uploads/dish/d_6_2.jpg',27.50,1),(201,73,37,'提拉米苏','uploads/dish/d_6_1.jpg',10.70,1),(202,74,38,'芒果千层','uploads/dish/d_6_2.jpg',27.50,1),(203,75,71,'百香果茶','uploads/dish/d_2_4.jpg',35.70,1),(204,75,69,'杨枝甘露','uploads/dish/d_2_2.jpg',8.70,1),(205,76,20,'咖喱鸡饭','uploads/dish/d_3_8.jpg',28.20,2),(206,77,14,'宫保鸡丁饭','uploads/dish/d_3_2.jpg',34.00,1),(207,78,14,'宫保鸡丁饭','uploads/dish/d_3_2.jpg',34.00,1),(208,79,70,'芝芝莓莓','uploads/dish/d_2_3.jpg',30.70,1),(209,80,69,'杨枝甘露','uploads/dish/d_2_2.jpg',8.70,2),(210,81,24,'番茄鸡蛋面','uploads/dish/d_4_4.jpg',8.20,2),(211,82,68,'珍珠奶茶','uploads/dish/d_2_1.jpg',13.80,2),(212,83,68,'珍珠奶茶','uploads/dish/d_2_1.jpg',13.80,2),(213,84,68,'珍珠奶茶','uploads/dish/d_2_1.jpg',13.80,2),(214,85,68,'珍珠奶茶','uploads/dish/d_2_1.jpg',13.80,2);
/*!40000 ALTER TABLE `order_item` ENABLE KEYS */;
UNLOCK TABLES;
DROP TABLE IF EXISTS `orders`;
/*!40101 SET @saved_cs_client     = @@character_set_client */;
/*!50503 SET character_set_client = utf8mb4 */;
CREATE TABLE `orders` (
  `id` bigint NOT NULL AUTO_INCREMENT,
  `order_no` varchar(40) COLLATE utf8mb4_general_ci NOT NULL,
  `user_id` bigint NOT NULL,
  `shop_id` bigint NOT NULL,
  `goods_amount` decimal(10,2) DEFAULT NULL,
  `pack_fee` decimal(10,2) DEFAULT NULL,
  `delivery_fee` decimal(10,2) DEFAULT NULL,
  `total_amount` decimal(10,2) DEFAULT NULL,
  `status` tinyint DEFAULT NULL COMMENT '1待支付2待接单3待配送4配送中5已完成6已取消',
  `rider_id` bigint DEFAULT NULL COMMENT '配送员ID，骑手抢单后写入',
  `address_snapshot` varchar(255) COLLATE utf8mb4_general_ci DEFAULT NULL,
  `remark` varchar(255) COLLATE utf8mb4_general_ci DEFAULT NULL,
  `create_time` datetime DEFAULT NULL,
  `pay_time` datetime DEFAULT NULL,
  `finish_time` datetime DEFAULT NULL,
  `accept_time` datetime DEFAULT NULL COMMENT '商家接单时间，配送时效计时起点',
  `sla_deadline` datetime DEFAULT NULL COMMENT '配送截止时间=接单时间+60分钟，延期获批后顺延',
  `extend_status` tinyint DEFAULT '0' COMMENT '延期申请：0无1待用户审批2已同意3已拒绝',
  `extend_minutes` int DEFAULT NULL COMMENT '骑手申请延长的分钟数',
  `extend_reason` varchar(255) COLLATE utf8mb4_general_ci DEFAULT NULL COMMENT '骑手申请延期的原因',
  `deleted` tinyint DEFAULT '0',
  PRIMARY KEY (`id`)
) ENGINE=InnoDB AUTO_INCREMENT=86 DEFAULT CHARSET=utf8mb4 COLLATE=utf8mb4_general_ci COMMENT='订单';
/*!40101 SET character_set_client = @saved_cs_client */;

LOCK TABLES `orders` WRITE;
/*!40000 ALTER TABLE `orders` DISABLE KEYS */;
INSERT INTO `orders` VALUES (1,'202604091416001369',28,4,98.10,1.00,3.00,102.10,4,33,'XX大学南门330室','尽快配送','2026-04-09 14:16:00','2026-04-09 14:17:00',NULL,'2026-06-13 14:30:19','2026-06-13 15:20:19',1,30,'路上堵车，预计需要多 30 分钟，请谅解',0),(2,'202605061437009586',19,2,146.30,1.00,3.00,150.30,5,34,'XX大学桃园宿舍431室','餐具一份','2026-05-06 14:37:00','2026-05-06 14:42:00','2026-05-06 15:41:00','2026-05-06 14:42:00','2026-05-06 15:42:00',0,NULL,NULL,0),(3,'202602051748008611',24,8,70.00,1.00,3.00,74.00,5,35,'XX大学行政楼499室','不要辣','2026-02-05 17:48:00','2026-02-05 17:49:00','2026-02-05 18:43:00','2026-02-05 17:49:00','2026-02-05 18:49:00',0,NULL,NULL,0),(4,'202604021555003957',29,7,224.60,1.00,5.00,230.60,5,36,'XX大学梅园宿舍143室','','2026-04-02 15:55:00','2026-04-02 16:00:00','2026-04-02 17:01:00','2026-04-02 16:00:00','2026-04-02 17:00:00',0,NULL,NULL,0),(5,'202603240339008747',31,10,8.70,1.00,5.00,14.70,3,NULL,'XX大学学生公寓5栋262室','餐具一份','2026-03-24 03:39:00','2026-03-24 03:42:00',NULL,'2026-06-13 14:06:37','2026-06-13 15:06:37',0,NULL,NULL,0),(6,'202606111626002484',27,6,43.70,1.00,2.00,46.70,5,33,'XX大学梅园宿舍280室','少冰','2026-06-11 16:26:00','2026-06-11 16:29:00','2026-06-11 17:07:00','2026-06-11 16:29:00','2026-06-11 17:29:00',0,NULL,NULL,0),(7,'202604270327002119',17,7,261.70,1.00,5.00,267.70,5,34,'XX大学南门151室','不要辣','2026-04-27 03:27:00','2026-04-27 03:32:00','2026-04-27 04:35:00','2026-04-27 03:32:00','2026-04-27 04:32:00',0,NULL,NULL,0),(8,'202602160503007158',21,6,140.70,1.00,2.00,143.70,5,35,'XX大学图书馆242室','少冰','2026-02-16 05:03:00','2026-02-16 05:06:00','2026-02-16 05:49:00','2026-02-16 05:06:00','2026-02-16 06:06:00',0,NULL,NULL,0),(9,'202601200318007222',23,7,65.80,1.00,5.00,71.80,6,NULL,'XX大学体育馆430室','','2026-01-20 03:18:00','2026-01-20 03:21:00',NULL,NULL,NULL,0,NULL,NULL,0),(10,'202606112008006207',27,12,173.20,1.00,2.00,176.20,5,32,'XX大学行政楼397室','少冰','2026-06-11 20:08:00','2026-06-11 20:09:00','2026-06-13 12:42:01','2026-06-11 20:09:00','2026-06-11 21:09:00',0,NULL,NULL,0),(11,'202601061145002531',19,4,157.20,1.00,3.00,161.20,4,33,'XX大学行政楼410室','送到宿舍楼下','2026-01-06 11:45:00','2026-01-06 11:47:00',NULL,'2026-06-13 14:30:19','2026-06-13 15:20:19',0,NULL,NULL,0),(12,'202602051749002627',18,11,94.10,1.00,3.00,98.10,5,34,'XX大学桃园宿舍436室','送到宿舍楼下','2026-02-05 17:49:00','2026-02-05 17:50:00','2026-02-05 18:37:00','2026-02-05 17:50:00','2026-02-05 18:50:00',0,NULL,NULL,0),(13,'202602260957005070',17,4,143.20,1.00,3.00,147.20,3,NULL,'XX大学图书馆331室','送到宿舍楼下','2026-02-26 09:57:00','2026-02-26 10:01:00',NULL,'2026-06-13 14:06:37','2026-06-13 15:06:37',0,NULL,NULL,0),(14,'202605091010001510',26,6,27.50,1.00,2.00,30.50,4,32,'XX大学学生公寓5栋124室','餐具一份','2026-05-09 10:10:00','2026-05-09 10:15:00',NULL,'2026-06-13 14:30:19','2026-06-13 15:20:19',0,NULL,NULL,0),(15,'202605201043002040',18,7,152.70,1.00,5.00,158.70,6,NULL,'XX大学图书馆136室','','2026-05-20 10:43:00','2026-05-20 10:44:00',NULL,NULL,NULL,0,NULL,NULL,0),(16,'202602131705005143',19,1,93.80,1.00,2.00,96.80,5,33,'XX大学桃园宿舍146室','','2026-02-13 17:05:00','2026-02-13 17:06:00','2026-02-13 17:37:00','2026-02-13 17:06:00','2026-02-13 18:06:00',0,NULL,NULL,0),(17,'202601021840001902',25,5,91.30,1.00,5.00,97.30,5,34,'XX大学体育馆198室','餐具一份','2026-01-02 18:40:00','2026-01-02 18:43:00','2026-01-02 19:59:00','2026-01-02 18:43:00','2026-01-02 19:43:00',0,NULL,NULL,0),(18,'202603250608006340',20,11,123.80,1.00,3.00,127.80,6,NULL,'XX大学学生公寓1栋435室','不要香菜','2026-03-25 06:08:00','2026-03-25 06:13:00',NULL,NULL,NULL,0,NULL,NULL,0),(19,'202603171255008424',17,6,21.40,1.00,2.00,24.40,6,NULL,'XX大学实验楼459室','尽快配送','2026-03-17 12:55:00','2026-03-17 12:56:00',NULL,NULL,NULL,0,NULL,NULL,0),(20,'202512310944009321',23,9,125.70,1.00,3.00,129.70,4,32,'XX大学体育馆296室','','2025-12-31 09:44:00','2025-12-31 09:46:00',NULL,'2026-06-13 14:30:19','2026-06-13 15:20:19',0,NULL,NULL,0),(21,'202602241213003275',29,1,25.90,1.00,2.00,28.90,5,33,'XX大学学生公寓5栋460室','','2026-02-24 12:13:00','2026-02-24 12:17:00','2026-02-24 12:46:00','2026-02-24 12:17:00','2026-02-24 13:17:00',0,NULL,NULL,0),(22,'202606031040004751',20,6,157.30,1.00,2.00,160.30,5,34,'XX大学南门463室','','2026-06-03 10:40:00','2026-06-03 10:45:00','2026-06-03 11:18:00','2026-06-03 10:45:00','2026-06-03 11:45:00',0,NULL,NULL,0),(23,'202605060023007006',24,4,134.10,1.00,3.00,138.10,6,NULL,'XX大学学生公寓1栋353室','少冰','2026-05-06 00:23:00','2026-05-06 00:25:00',NULL,NULL,NULL,0,NULL,NULL,0),(24,'202605212059008879',23,2,146.90,1.00,3.00,150.90,6,NULL,'XX大学梅园宿舍295室','送到宿舍楼下','2026-05-21 20:59:00','2026-05-21 21:01:00',NULL,NULL,NULL,0,NULL,NULL,0),(25,'202602280729008712',25,12,219.90,1.00,2.00,222.90,5,32,'XX大学图书馆209室','餐具一份','2026-02-28 07:29:00','2026-02-28 07:33:00','2026-02-28 08:37:00','2026-02-28 07:33:00','2026-02-28 08:33:00',0,NULL,NULL,0),(26,'202604181908009802',17,5,249.00,1.00,5.00,255.00,3,NULL,'XX大学学生公寓1栋158室','餐具一份','2026-04-18 19:08:00','2026-04-18 19:11:00',NULL,'2026-06-13 14:06:37','2026-06-13 15:06:37',0,NULL,NULL,0),(27,'202605221113008024',27,8,146.50,1.00,3.00,150.50,5,34,'XX大学实验楼236室','送到宿舍楼下','2026-05-22 11:13:00','2026-05-22 11:14:00','2026-05-22 12:11:00','2026-05-22 11:14:00','2026-05-22 12:14:00',0,NULL,NULL,0),(28,'202605100357003721',20,6,112.60,1.00,2.00,115.60,2,NULL,'XX大学学生公寓1栋391室','尽快配送','2026-05-10 03:57:00','2026-05-10 04:02:00',NULL,NULL,NULL,0,NULL,NULL,0),(29,'202606102100007058',21,11,115.00,1.00,3.00,119.00,5,36,'XX大学南门482室','送到宿舍楼下','2026-06-10 21:00:00','2026-06-10 21:05:00','2026-06-10 21:40:00','2026-06-10 21:05:00','2026-06-10 22:05:00',0,NULL,NULL,0),(30,'202605051231009515',17,8,33.30,1.00,3.00,37.30,5,32,'XX大学图书馆485室','餐具一份','2026-05-05 12:31:00','2026-05-05 12:33:00','2026-05-05 13:06:00','2026-05-05 12:33:00','2026-05-05 13:33:00',0,NULL,NULL,0),(31,'202605071747007341',21,12,91.00,1.00,2.00,94.00,5,33,'XX大学南门199室','','2026-05-07 17:47:00','2026-05-07 17:50:00','2026-05-07 19:01:00','2026-05-07 17:50:00','2026-05-07 18:50:00',0,NULL,NULL,0),(32,'202604082140007215',24,10,107.10,1.00,5.00,113.10,5,34,'XX大学梅园宿舍304室','少冰','2026-04-08 21:40:00','2026-04-08 21:42:00','2026-04-08 22:16:00','2026-04-08 21:42:00','2026-04-08 22:42:00',0,NULL,NULL,0),(33,'202601312330004591',18,2,130.20,1.00,3.00,134.20,6,NULL,'XX大学行政楼416室','不要辣','2026-01-31 23:30:00','2026-01-31 23:31:00',NULL,NULL,NULL,0,NULL,NULL,0),(34,'202603310505009861',23,10,71.40,1.00,5.00,77.40,5,36,'XX大学学生公寓1栋115室','不要辣','2026-03-31 05:05:00','2026-03-31 05:08:00','2026-03-31 05:55:00','2026-03-31 05:08:00','2026-03-31 06:08:00',0,NULL,NULL,0),(35,'202601121600008284',29,8,163.80,1.00,3.00,167.80,5,32,'XX大学第一教学楼291室','','2026-01-12 16:00:00','2026-01-12 16:01:00','2026-01-12 16:38:00','2026-01-12 16:01:00','2026-01-12 17:01:00',0,NULL,NULL,0),(36,'202605250438001091',18,11,70.80,1.00,3.00,74.80,5,33,'XX大学南门149室','餐具一份','2026-05-25 04:38:00','2026-05-25 04:40:00','2026-05-25 05:23:00','2026-05-25 04:40:00','2026-05-25 05:40:00',0,NULL,NULL,0),(37,'202603131251005731',21,9,191.30,1.00,3.00,195.30,6,NULL,'XX大学梅园宿舍327室','少冰','2026-03-13 12:51:00','2026-03-13 12:54:00',NULL,NULL,NULL,0,NULL,NULL,0),(38,'202601040658003821',20,6,32.30,1.00,2.00,35.30,5,35,'XX大学梅园宿舍480室','多加一份米饭','2026-01-04 06:58:00','2026-01-04 07:02:00','2026-01-04 08:05:00','2026-01-04 07:02:00','2026-01-04 08:02:00',0,NULL,NULL,0),(39,'202604221201007383',25,4,67.20,1.00,3.00,71.20,6,NULL,'XX大学南门292室','少冰','2026-04-22 12:01:00','2026-04-22 12:04:00',NULL,NULL,NULL,0,NULL,NULL,0),(40,'202603090636008280',20,7,160.30,1.00,5.00,166.30,6,NULL,'XX大学行政楼308室','不要香菜','2026-03-09 06:36:00','2026-03-09 06:40:00',NULL,NULL,NULL,0,NULL,NULL,0),(41,'202604170606001126',30,3,123.80,1.00,3.00,127.80,5,33,'XX大学第一教学楼440室','尽快配送','2026-04-17 06:06:00','2026-04-17 06:11:00','2026-04-17 06:53:00','2026-04-17 06:11:00','2026-04-17 07:11:00',0,NULL,NULL,0),(42,'202601080025001811',26,5,184.80,1.00,5.00,190.80,5,34,'XX大学学生公寓5栋488室','','2026-01-08 00:25:00','2026-01-08 00:26:00','2026-01-08 01:21:00','2026-01-08 00:26:00','2026-01-08 01:26:00',0,NULL,NULL,0),(43,'202604042026001609',18,9,192.30,1.00,3.00,196.30,5,35,'XX大学第一教学楼466室','尽快配送','2026-04-04 20:26:00','2026-04-04 20:27:00','2026-04-04 21:29:00','2026-04-04 20:27:00','2026-04-04 21:27:00',0,NULL,NULL,0),(44,'202604080104007945',19,3,114.60,1.00,3.00,118.60,5,36,'XX大学行政楼116室','不要辣','2026-04-08 01:04:00','2026-04-08 01:07:00','2026-04-08 02:18:00','2026-04-08 01:07:00','2026-04-08 02:07:00',0,NULL,NULL,0),(45,'202512310204002869',21,4,119.90,1.00,3.00,123.90,6,NULL,'XX大学桃园宿舍181室','','2025-12-31 02:04:00','2025-12-31 02:06:00',NULL,NULL,NULL,0,NULL,NULL,0),(46,'202602242352003850',27,4,56.00,1.00,3.00,60.00,4,33,'XX大学梅园宿舍181室','餐具一份','2026-02-24 23:52:00','2026-02-24 23:53:00',NULL,'2026-06-13 14:30:19','2026-06-13 15:20:19',0,NULL,NULL,0),(47,'202601251618002358',21,10,163.50,1.00,5.00,169.50,6,NULL,'XX大学第一教学楼407室','送到宿舍楼下','2026-01-25 16:18:00','2026-01-25 16:20:00',NULL,NULL,NULL,0,NULL,NULL,0),(48,'202512261529008479',21,6,195.00,1.00,2.00,198.00,5,35,'XX大学实验楼475室','不要香菜','2025-12-26 15:29:00','2025-12-26 15:34:00','2025-12-26 16:16:00','2025-12-26 15:34:00','2025-12-26 16:34:00',0,NULL,NULL,0),(49,'202602211830006012',29,9,66.60,1.00,3.00,70.60,4,36,'XX大学实验楼250室','不要辣','2026-02-21 18:30:00','2026-02-21 18:35:00',NULL,'2026-06-13 14:30:19','2026-06-13 15:20:19',0,NULL,NULL,0),(50,'202606090517002228',28,7,34.50,1.00,5.00,40.50,5,32,'XX大学体育馆152室','不要香菜','2026-06-09 05:17:00','2026-06-09 05:18:00','2026-06-09 06:24:00','2026-06-09 05:18:00','2026-06-09 06:18:00',0,NULL,NULL,0),(51,'202603201156008526',22,1,199.40,1.00,2.00,202.40,5,33,'XX大学第一教学楼496室','多加一份米饭','2026-03-20 11:56:00','2026-03-20 12:01:00','2026-03-20 12:52:00','2026-03-20 12:01:00','2026-03-20 13:01:00',0,NULL,NULL,0),(52,'202605120213005330',26,1,32.20,1.00,2.00,35.20,4,34,'XX大学学生公寓1栋131室','少冰','2026-05-12 02:13:00','2026-05-12 02:15:00',NULL,'2026-06-13 14:30:19','2026-06-13 15:20:19',0,NULL,NULL,0),(53,'202601161257006011',28,8,230.60,1.00,3.00,234.60,3,NULL,'XX大学体育馆326室','尽快配送','2026-01-16 12:57:00','2026-01-16 13:02:00',NULL,'2026-06-13 14:06:37','2026-06-13 15:06:37',0,NULL,NULL,0),(54,'202604161403001201',27,6,128.70,1.00,2.00,131.70,5,36,'XX大学学生公寓5栋144室','送到宿舍楼下','2026-04-16 14:03:00','2026-04-16 14:05:00','2026-04-16 14:39:00','2026-04-16 14:05:00','2026-04-16 15:05:00',0,NULL,NULL,0),(55,'202603231146004137',26,12,154.70,1.00,2.00,157.70,5,32,'XX大学学生公寓1栋266室','','2026-03-23 11:46:00','2026-03-23 11:51:00','2026-03-23 12:52:00','2026-03-23 11:51:00','2026-03-23 12:51:00',0,NULL,NULL,0),(56,'202512171723008530',28,9,125.80,1.00,3.00,129.80,2,NULL,'XX大学图书馆517室','','2025-12-17 17:23:00','2025-12-17 17:28:00',NULL,NULL,NULL,0,NULL,NULL,0),(57,'202605240258002996',18,8,176.20,1.00,3.00,180.20,2,NULL,'XX大学桃园宿舍420室','尽快配送','2026-05-24 02:58:00','2026-05-24 02:59:00',NULL,NULL,NULL,0,NULL,NULL,0),(58,'202604110316001372',17,4,73.10,1.00,3.00,77.10,3,NULL,'XX大学体育馆328室','送到宿舍楼下','2026-04-11 03:16:00','2026-04-11 03:20:00',NULL,'2026-06-13 14:06:37','2026-06-13 15:06:37',0,NULL,NULL,0),(59,'202605171121009086',24,10,61.20,1.00,5.00,67.20,5,32,'XX大学体育馆215室','不要香菜','2026-05-17 11:21:00','2026-05-17 11:24:00','2026-06-13 12:56:13','2026-05-17 11:24:00','2026-05-17 12:24:00',0,NULL,NULL,0),(60,'202604181438006587',28,12,22.00,1.00,2.00,25.00,6,NULL,'XX大学学生公寓5栋382室','尽快配送','2026-04-18 14:38:00','2026-04-18 14:42:00',NULL,NULL,NULL,0,NULL,NULL,0),(61,'202605311628003479',21,3,32.90,1.00,3.00,36.90,5,33,'XX大学体育馆505室','送到宿舍楼下','2026-05-31 16:28:00','2026-05-31 16:31:00','2026-05-31 17:37:00','2026-05-31 16:31:00','2026-05-31 17:31:00',0,NULL,NULL,0),(62,'202604260608009328',17,3,34.00,1.00,3.00,38.00,5,34,'XX大学行政楼147室','','2026-04-26 06:08:00','2026-04-26 06:09:00','2026-04-26 06:41:00','2026-04-26 06:09:00','2026-04-26 07:09:00',0,NULL,NULL,0),(63,'202603120328005225',21,11,106.70,1.00,3.00,110.70,5,35,'XX大学梅园宿舍141室','多加一份米饭','2026-03-12 03:28:00','2026-03-12 03:30:00','2026-03-12 04:20:00','2026-03-12 03:30:00','2026-03-12 04:30:00',0,NULL,NULL,0),(64,'202601080658003142',24,6,123.10,1.00,2.00,126.10,4,36,'XX大学学生公寓5栋475室','多加一份米饭','2026-01-08 06:58:00','2026-01-08 06:59:00',NULL,'2026-06-13 14:30:19','2026-06-13 15:20:19',0,NULL,NULL,0),(65,'202605022257008117',19,5,267.80,1.00,5.00,273.80,5,32,'XX大学学生公寓1栋458室','不要香菜','2026-05-02 22:57:00','2026-05-02 23:02:00','2026-05-02 23:42:00','2026-05-02 23:02:00','2026-05-03 00:02:00',0,NULL,NULL,0),(66,'202605060611001504',24,3,15.40,1.00,3.00,19.40,2,NULL,'XX大学学生公寓1栋448室','不要香菜','2026-05-06 06:11:00','2026-05-06 06:16:00',NULL,NULL,NULL,0,NULL,NULL,0),(67,'202603290530007391',18,4,180.90,1.00,3.00,184.90,6,NULL,'XX大学桃园宿舍132室','尽快配送','2026-03-29 05:30:00','2026-03-29 05:35:00',NULL,NULL,NULL,0,NULL,NULL,0),(68,'202603231357003603',26,9,139.80,1.00,3.00,143.80,5,35,'XX大学体育馆428室','少冰','2026-03-23 13:57:00','2026-03-23 13:58:00','2026-03-23 15:03:00','2026-03-23 13:58:00','2026-03-23 14:58:00',0,NULL,NULL,0),(69,'202604021138007550',29,5,178.30,1.00,5.00,184.30,4,36,'XX大学体育馆471室','不要辣','2026-04-02 11:38:00','2026-04-02 11:39:00',NULL,'2026-06-13 14:30:19','2026-06-13 15:20:19',0,NULL,NULL,0),(70,'202601271723009837',17,1,87.30,1.00,2.00,90.30,6,NULL,'XX大学学生公寓1栋354室','','2026-01-27 17:23:00','2026-01-27 17:28:00',NULL,NULL,NULL,0,NULL,NULL,0),(71,'202604191447008291',27,12,40.20,1.00,2.00,43.20,5,33,'XX大学行政楼172室','餐具一份','2026-04-19 14:47:00','2026-04-19 14:48:00','2026-04-19 15:48:00','2026-04-19 14:48:00','2026-04-19 15:48:00',0,NULL,NULL,0),(72,'202601092253006203',29,2,161.70,1.00,3.00,165.70,3,NULL,'XX大学桃园宿舍268室','少冰','2026-01-09 22:53:00','2026-01-09 22:58:00',NULL,'2026-06-13 14:06:37','2026-06-13 15:06:37',0,NULL,NULL,0),(73,'2026061312582883',17,6,38.20,1.00,2.00,41.20,1,NULL,'小明 13700000000 XX大学桃园宿舍277室','','2026-06-13 12:58:28',NULL,NULL,NULL,NULL,0,NULL,NULL,0),(74,'202606131317281875',17,6,27.50,1.00,2.00,30.50,6,NULL,'小明 13700000000 XX大学桃园宿舍277室','','2026-06-13 13:17:29','2026-06-13 13:17:29',NULL,NULL,NULL,0,NULL,NULL,0),(75,'202606131318564791',17,10,44.40,1.00,5.00,50.40,6,NULL,'小明 13700000000 XX大学桃园宿舍277室',NULL,'2026-06-13 13:18:57','2026-06-13 13:18:57',NULL,NULL,NULL,0,NULL,NULL,0),(76,'202606131345176083',17,3,56.40,1.00,3.00,60.40,2,NULL,'小明 13700000000 XX大学桃园宿舍277室',NULL,'2026-06-13 13:45:17','2026-06-13 13:45:17',NULL,NULL,NULL,0,NULL,NULL,0),(77,'202606131345309416',17,3,34.00,1.00,3.00,38.00,2,NULL,'小明 13700000000 XX大学桃园宿舍277室',NULL,'2026-06-13 13:45:30','2026-06-13 13:45:30',NULL,NULL,NULL,0,NULL,NULL,0),(78,'202606131345405541',17,3,34.00,1.00,3.00,38.00,2,NULL,'小明 13700000000 XX大学桃园宿舍277室',NULL,'2026-06-13 13:45:40','2026-06-13 13:45:40',NULL,NULL,NULL,0,NULL,NULL,0),(79,'202606131345487250',17,10,30.70,1.00,5.00,36.70,2,NULL,'小明 13700000000 XX大学桃园宿舍277室',NULL,'2026-06-13 13:45:49','2026-06-13 13:45:49',NULL,NULL,NULL,0,NULL,NULL,0),(80,'202606131346318916',17,10,17.40,1.00,5.00,23.40,2,NULL,'小明 13700000000 XX大学桃园宿舍277室',NULL,'2026-06-13 13:46:31','2026-06-13 13:46:31',NULL,NULL,NULL,0,NULL,NULL,0),(81,'202606131346464000',17,4,16.40,1.00,3.00,20.40,2,NULL,'小明 13700000000 XX大学桃园宿舍277室',NULL,'2026-06-13 13:46:47','2026-06-13 13:46:47',NULL,NULL,NULL,0,NULL,NULL,0),(82,'202606131355312250',17,10,27.60,1.00,5.00,33.60,2,NULL,'小明 13700000000 XX大学桃园宿舍277室',NULL,'2026-06-13 13:55:32','2026-06-13 13:55:32',NULL,NULL,NULL,0,NULL,NULL,0),(83,'202606131441247916',17,10,27.60,1.00,5.00,33.60,2,NULL,'小明 13700000000 XX大学桃园宿舍277室',NULL,'2026-06-13 14:41:25','2026-06-13 14:41:25',NULL,NULL,NULL,0,NULL,NULL,0),(84,'202606131449138875',17,10,27.60,1.00,5.00,33.60,2,NULL,'小明 13700000000 XX大学桃园宿舍277室',NULL,'2026-06-13 14:49:13','2026-06-13 14:49:13',NULL,NULL,NULL,0,NULL,NULL,0),(85,'202606131730298750',17,10,27.60,1.00,5.00,33.60,2,NULL,'小明 13700000000 XX大学桃园宿舍277室',NULL,'2026-06-13 17:30:29','2026-06-13 17:30:29',NULL,NULL,NULL,0,NULL,NULL,0);
/*!40000 ALTER TABLE `orders` ENABLE KEYS */;
UNLOCK TABLES;
DROP TABLE IF EXISTS `review`;
/*!40101 SET @saved_cs_client     = @@character_set_client */;
/*!50503 SET character_set_client = utf8mb4 */;
CREATE TABLE `review` (
  `id` bigint NOT NULL AUTO_INCREMENT,
  `order_id` bigint DEFAULT NULL,
  `user_id` bigint DEFAULT NULL,
  `shop_id` bigint DEFAULT NULL,
  `rating` tinyint DEFAULT NULL,
  `content` varchar(500) COLLATE utf8mb4_general_ci DEFAULT NULL,
  `images` varchar(1000) COLLATE utf8mb4_general_ci DEFAULT NULL,
  `reply` varchar(500) COLLATE utf8mb4_general_ci DEFAULT NULL,
  `create_time` datetime DEFAULT NULL,
  `deleted` tinyint DEFAULT '0',
  PRIMARY KEY (`id`)
) ENGINE=InnoDB AUTO_INCREMENT=23 DEFAULT CHARSET=utf8mb4 COLLATE=utf8mb4_general_ci COMMENT='评价';
/*!40101 SET character_set_client = @saved_cs_client */;

LOCK TABLES `review` WRITE;
/*!40000 ALTER TABLE `review` DISABLE KEYS */;
INSERT INTO `review` VALUES (1,2,19,2,3,'口味一般，可以接受','','谢谢您的好评，我们会继续努力~','2026-05-08 12:37:00',0),(2,3,24,8,4,'配送有点慢，味道还行','','','2026-02-07 06:48:00',0),(3,7,17,7,3,'口味一般，可以接受','','感谢支持，欢迎再次光临！','2026-04-28 01:27:00',0),(4,8,21,6,5,'味道不错，分量足，下次还来！','','','2026-02-17 21:03:00',0),(5,16,19,1,5,'非常好吃，已经回购啦','','感谢反馈，我们会改进配送速度','2026-02-15 09:05:00',0),(6,21,29,1,3,'送餐很快，包装也好','','感谢支持，欢迎再次光临！','2026-02-24 23:13:00',0),(7,22,20,6,4,'学生党福音，便宜量大','','','2026-06-05 01:40:00',0),(8,25,25,12,3,'口味一般，可以接受','','','2026-03-01 05:29:00',0),(9,29,21,11,3,'包装精致，味道惊艳','','','2026-06-12 20:00:00',0),(10,31,21,12,4,'非常好吃，已经回购啦','','','2026-05-07 21:47:00',0),(11,32,24,10,3,'学生党福音，便宜量大','','谢谢您的好评，我们会继续努力~','2026-04-09 21:40:00',0),(12,38,20,6,3,'包装精致，味道惊艳','','感谢支持，欢迎再次光临！','2026-01-05 12:58:00',0),(13,41,30,3,5,'学生党福音，便宜量大','','谢谢您的好评，我们会继续努力~','2026-04-18 20:06:00',0),(14,42,26,5,5,'非常好吃，已经回购啦','','','2026-01-09 08:25:00',0),(15,48,21,6,3,'学生党福音，便宜量大','','','2025-12-27 14:29:00',0),(16,51,22,1,5,'性价比很高，推荐','','','2026-03-21 21:56:00',0),(17,54,27,6,4,'包装精致，味道惊艳','','谢谢您的好评，我们会继续努力~','2026-04-17 02:03:00',0),(18,55,26,12,4,'配送有点慢，味道还行','','感谢反馈，我们会改进配送速度','2026-03-24 15:46:00',0),(19,63,21,11,3,'味道不错，分量足，下次还来！','','感谢支持，欢迎再次光临！','2026-03-13 05:28:00',0),(20,65,19,5,5,'性价比很高，推荐','','','2026-05-04 02:57:00',0),(21,68,26,9,4,'学生党福音，便宜量大','','感谢反馈，我们会改进配送速度','2026-03-24 09:57:00',0),(22,30,17,8,5,'味道很好，分量足',NULL,NULL,'2026-06-13 13:19:45',0);
/*!40000 ALTER TABLE `review` ENABLE KEYS */;
UNLOCK TABLES;
DROP TABLE IF EXISTS `shop`;
/*!40101 SET @saved_cs_client     = @@character_set_client */;
/*!50503 SET character_set_client = utf8mb4 */;
CREATE TABLE `shop` (
  `id` bigint NOT NULL AUTO_INCREMENT,
  `name` varchar(100) COLLATE utf8mb4_general_ci NOT NULL,
  `logo` varchar(255) COLLATE utf8mb4_general_ci DEFAULT NULL,
  `cover` varchar(255) COLLATE utf8mb4_general_ci DEFAULT NULL,
  `description` varchar(255) COLLATE utf8mb4_general_ci DEFAULT NULL,
  `category_id` bigint DEFAULT NULL,
  `owner_id` bigint DEFAULT NULL COMMENT '商家用户id',
  `address` varchar(255) COLLATE utf8mb4_general_ci DEFAULT NULL,
  `notice` varchar(255) COLLATE utf8mb4_general_ci DEFAULT NULL,
  `delivery_fee` decimal(10,2) DEFAULT '0.00',
  `min_amount` decimal(10,2) DEFAULT '0.00',
  `rating` decimal(2,1) DEFAULT '5.0',
  `sales` int DEFAULT '0',
  `status` tinyint DEFAULT '0' COMMENT '0待审核1营业2停业3驳回',
  `create_time` datetime DEFAULT NULL,
  `deleted` tinyint DEFAULT '0',
  PRIMARY KEY (`id`)
) ENGINE=InnoDB AUTO_INCREMENT=16 DEFAULT CHARSET=utf8mb4 COLLATE=utf8mb4_general_ci COMMENT='店铺';
/*!40101 SET character_set_client = @saved_cs_client */;

LOCK TABLES `shop` WRITE;
/*!40000 ALTER TABLE `shop` DISABLE KEYS */;
INSERT INTO `shop` VALUES (1,'张亮汉堡快餐店','uploads/shop/logo_1.jpg','uploads/shop/cover_1.jpg','张亮汉堡快餐店，主营快餐简餐，校园人气好店。',1,2,'第一食堂一楼','夜宵时段加量不加价',2.00,15.00,4.2,1619,1,'2025-12-31 05:12:00',0),(2,'一点点奶茶(南门店)','uploads/shop/logo_2.jpg','uploads/shop/cover_2.jpg','一点点奶茶(南门店)，主营奶茶饮品，校园人气好店。',2,3,'南门美食街12号','招牌套餐买一送一',3.00,25.00,4.7,1985,1,'2026-05-25 20:11:00',0),(3,'黄焖鸡米饭旗舰店','uploads/shop/logo_3.jpg','uploads/shop/cover_3.jpg','黄焖鸡米饭旗舰店，主营米饭套餐，校园人气好店。',3,4,'东区商业街','下雨天配送可能延迟，请耐心等待',3.00,30.00,4.8,1021,1,'2026-02-11 01:57:00',0),(4,'兰州牛肉拉面馆','uploads/shop/logo_4.jpg','uploads/shop/cover_4.jpg','兰州牛肉拉面馆，主营面食粉面，校园人气好店。',4,5,'学生公寓3栋底商','满30减5，欢迎下单！',3.00,15.00,4.7,411,1,'2026-02-17 18:05:00',0),(5,'深夜食堂烧烤','uploads/shop/logo_5.jpg','uploads/shop/cover_5.jpg','深夜食堂烧烤，主营烧烤夜宵，校园人气好店。',5,6,'图书馆负一层','营业时间 9:00-22:00',5.00,20.00,4.4,1508,1,'2026-04-12 03:08:00',0),(6,'甜心烘焙坊','uploads/shop/logo_6.jpg','uploads/shop/cover_6.jpg','甜心烘焙坊，主营甜品烘焙，校园人气好店。',6,7,'西门小吃街','夜宵时段加量不加价',2.00,15.00,4.6,3201,1,'2026-01-25 16:46:00',0),(7,'元气营养早餐铺','uploads/shop/logo_7.jpg','uploads/shop/cover_7.jpg','元气营养早餐铺，主营营养早餐，校园人气好店。',7,8,'北苑食堂二楼','本店新品上线，敬请品尝~',5.00,20.00,4.0,2335,1,'2026-05-30 17:59:00',0),(8,'轻享健康轻食','uploads/shop/logo_8.jpg','uploads/shop/cover_8.jpg','轻享健康轻食，主营轻食沙拉，校园人气好店。',8,9,'体育馆旁商铺','招牌套餐买一送一',3.00,20.00,4.5,2671,1,'2026-02-15 17:32:00',0),(9,'汉堡王(东区店)','uploads/shop/logo_9.jpg','uploads/shop/cover_9.jpg','汉堡王(东区店)，主营快餐简餐，校园人气好店。',1,10,'桃园餐厅','本店新品上线，敬请品尝~',3.00,15.00,4.0,1365,1,'2026-03-10 13:21:00',0),(10,'CoCo都可奶茶','uploads/shop/logo_10.jpg','uploads/shop/cover_10.jpg','CoCo都可奶茶，主营奶茶饮品，校园人气好店。',2,11,'梅园美食广场','支持线上点单，到店自取',5.00,15.00,4.2,2077,1,'2026-01-31 12:13:00',0),(11,'老碗面食馆','uploads/shop/logo_11.jpg','uploads/shop/cover_11.jpg','老碗面食馆，主营面食粉面，校园人气好店。',4,12,'竹园小吃城','支持线上点单，到店自取',3.00,20.00,4.5,494,1,'2026-04-05 01:55:00',0),(12,'校园风味烧烤摊','uploads/shop/logo_12.jpg','uploads/shop/cover_12.jpg','校园风味烧烤摊，主营烧烤夜宵，校园人气好店。',5,13,'听涛苑底商','夜宵时段加量不加价',2.00,25.00,4.5,2123,1,'2026-04-17 04:39:00',0),(13,'待审核·新晋茶饮店','uploads/shop/logo_13.jpg','uploads/shop/cover_13.jpg','待审核·新晋茶饮店，主营奶茶饮品，校园人气好店。',2,14,'新晋创业园','满30减5，欢迎下单！',1.00,25.00,4.0,28,0,'2026-05-02 00:06:00',0),(14,'待审核·麻辣香锅快餐','uploads/shop/logo_14.jpg','uploads/shop/cover_14.jpg','待审核·麻辣香锅快餐，主营快餐简餐，校园人气好店。',1,15,'美食街待租位','满30减5，欢迎下单！',3.00,25.00,4.2,1,0,'2026-03-26 04:23:00',0),(15,'被驳回·三无小吃铺','uploads/shop/logo_15.jpg','uploads/shop/cover_15.jpg','被驳回·三无小吃铺，主营烧烤夜宵，校园人气好店。',5,16,'已下架','本店新品上线，敬请品尝~',3.00,20.00,4.5,19,3,'2025-12-29 19:22:00',0);
/*!40000 ALTER TABLE `shop` ENABLE KEYS */;
UNLOCK TABLES;
DROP TABLE IF EXISTS `shop_category`;
/*!40101 SET @saved_cs_client     = @@character_set_client */;
/*!50503 SET character_set_client = utf8mb4 */;
CREATE TABLE `shop_category` (
  `id` bigint NOT NULL AUTO_INCREMENT,
  `name` varchar(50) COLLATE utf8mb4_general_ci NOT NULL,
  `icon` varchar(255) COLLATE utf8mb4_general_ci DEFAULT NULL,
  `sort` int DEFAULT '0',
  PRIMARY KEY (`id`)
) ENGINE=InnoDB AUTO_INCREMENT=9 DEFAULT CHARSET=utf8mb4 COLLATE=utf8mb4_general_ci COMMENT='店铺分类';
/*!40101 SET character_set_client = @saved_cs_client */;

LOCK TABLES `shop_category` WRITE;
/*!40000 ALTER TABLE `shop_category` DISABLE KEYS */;
INSERT INTO `shop_category` VALUES (1,'快餐简餐','uploads/category/cat_1.jpg',0),(2,'奶茶饮品','uploads/category/cat_2.jpg',1),(3,'米饭套餐','uploads/category/cat_3.jpg',2),(4,'面食粉面','uploads/category/cat_4.jpg',3),(5,'烧烤夜宵','uploads/category/cat_5.jpg',4),(6,'甜品烘焙','uploads/category/cat_6.jpg',5),(7,'营养早餐','uploads/category/cat_7.jpg',6),(8,'轻食沙拉','uploads/category/cat_8.jpg',7);
/*!40000 ALTER TABLE `shop_category` ENABLE KEYS */;
UNLOCK TABLES;
DROP TABLE IF EXISTS `user`;
/*!40101 SET @saved_cs_client     = @@character_set_client */;
/*!50503 SET character_set_client = utf8mb4 */;
CREATE TABLE `user` (
  `id` bigint NOT NULL AUTO_INCREMENT,
  `username` varchar(50) COLLATE utf8mb4_general_ci NOT NULL COMMENT '登录账号',
  `password` varchar(64) COLLATE utf8mb4_general_ci NOT NULL COMMENT 'md5密码',
  `nickname` varchar(50) COLLATE utf8mb4_general_ci DEFAULT NULL COMMENT '昵称',
  `avatar` varchar(255) COLLATE utf8mb4_general_ci DEFAULT NULL COMMENT '头像相对路径',
  `phone` varchar(20) COLLATE utf8mb4_general_ci DEFAULT NULL,
  `role` varchar(20) COLLATE utf8mb4_general_ci NOT NULL COMMENT 'USER/MERCHANT/ADMIN',
  `status` tinyint DEFAULT '1' COMMENT '1正常0禁用',
  `create_time` datetime DEFAULT NULL,
  `deleted` tinyint DEFAULT '0',
  PRIMARY KEY (`id`),
  UNIQUE KEY `username` (`username`)
) ENGINE=InnoDB AUTO_INCREMENT=37 DEFAULT CHARSET=utf8mb4 COLLATE=utf8mb4_general_ci COMMENT='用户表';
/*!40101 SET character_set_client = @saved_cs_client */;

LOCK TABLES `user` WRITE;
/*!40000 ALTER TABLE `user` DISABLE KEYS */;
INSERT INTO `user` VALUES (1,'admin','e10adc3949ba59abbe56e057f20f883e','系统管理员','uploads/avatar/a_1.jpg','13800000000','ADMIN',1,'2025-12-01 09:00:00',0),(2,'merchant1','e10adc3949ba59abbe56e057f20f883e','张亮','uploads/avatar/a_1.jpg','13900000000','MERCHANT',1,'2026-05-16 19:10:00',0),(3,'merchant2','e10adc3949ba59abbe56e057f20f883e','一点点','uploads/avatar/a_2.jpg','13900000001','MERCHANT',1,'2026-04-27 11:11:00',0),(4,'merchant3','e10adc3949ba59abbe56e057f20f883e','黄记老板','uploads/avatar/a_3.jpg','13900000002','MERCHANT',1,'2026-05-06 23:03:00',0),(5,'merchant4','e10adc3949ba59abbe56e057f20f883e','马师傅','uploads/avatar/a_4.jpg','13900000003','MERCHANT',1,'2026-01-27 20:43:00',0),(6,'merchant5','e10adc3949ba59abbe56e057f20f883e','烧烤老王','uploads/avatar/a_5.jpg','13900000004','MERCHANT',1,'2025-12-29 22:35:00',0),(7,'merchant6','e10adc3949ba59abbe56e057f20f883e','甜心姐','uploads/avatar/a_6.jpg','13900000005','MERCHANT',1,'2026-02-04 21:56:00',0),(8,'merchant7','e10adc3949ba59abbe56e057f20f883e','早餐铺老板','uploads/avatar/a_7.jpg','13900000006','MERCHANT',1,'2026-04-27 00:04:00',0),(9,'merchant8','e10adc3949ba59abbe56e057f20f883e','轻食店主','uploads/avatar/a_8.jpg','13900000007','MERCHANT',1,'2026-01-22 22:13:00',0),(10,'merchant9','e10adc3949ba59abbe56e057f20f883e','汉堡王店长','uploads/avatar/a_9.jpg','13900000008','MERCHANT',1,'2026-01-03 20:38:00',0),(11,'merchant10','e10adc3949ba59abbe56e057f20f883e','CoCo店长','uploads/avatar/a_10.jpg','13900000009','MERCHANT',1,'2026-03-21 14:05:00',0),(12,'merchant11','e10adc3949ba59abbe56e057f20f883e','面馆老李','uploads/avatar/a_1.jpg','13900000010','MERCHANT',1,'2026-03-23 10:57:00',0),(13,'merchant12','e10adc3949ba59abbe56e057f20f883e','烧烤小哥','uploads/avatar/a_2.jpg','13900000011','MERCHANT',1,'2026-04-05 07:19:00',0),(14,'merchant13','e10adc3949ba59abbe56e057f20f883e','新茶饮老板','uploads/avatar/a_3.jpg','13900000012','MERCHANT',1,'2026-04-27 05:50:00',0),(15,'merchant14','e10adc3949ba59abbe56e057f20f883e','香锅老板','uploads/avatar/a_4.jpg','13900000013','MERCHANT',1,'2026-01-10 17:44:00',0),(16,'merchant15','e10adc3949ba59abbe56e057f20f883e','小吃铺主','uploads/avatar/a_5.jpg','13900000014','MERCHANT',1,'2026-03-09 18:16:00',0),(17,'user1','e10adc3949ba59abbe56e057f20f883e','小明','uploads/avatar/a_1.jpg','13700000000','USER',1,'2026-05-24 22:40:00',0),(18,'user2','e10adc3949ba59abbe56e057f20f883e','小红','uploads/avatar/a_2.jpg','13700000001','USER',1,'2026-04-20 22:56:00',0),(19,'user3','e10adc3949ba59abbe56e057f20f883e','李雷','uploads/avatar/a_3.jpg','13700000002','USER',1,'2026-04-28 11:28:00',0),(20,'user4','e10adc3949ba59abbe56e057f20f883e','韩梅梅','uploads/avatar/a_4.jpg','13700000003','USER',1,'2026-04-28 17:06:00',0),(21,'user5','e10adc3949ba59abbe56e057f20f883e','王小二','uploads/avatar/a_5.jpg','13700000004','USER',1,'2026-06-06 09:14:00',0),(22,'user6','e10adc3949ba59abbe56e057f20f883e','赵四','uploads/avatar/a_6.jpg','13700000005','USER',1,'2026-04-15 11:46:00',0),(23,'user7','e10adc3949ba59abbe56e057f20f883e','刘能','uploads/avatar/a_7.jpg','13700000006','USER',1,'2026-05-01 17:38:00',0),(24,'user8','e10adc3949ba59abbe56e057f20f883e','谢广坤','uploads/avatar/a_8.jpg','13700000007','USER',1,'2026-04-23 03:49:00',0),(25,'user9','e10adc3949ba59abbe56e057f20f883e','宋小宝','uploads/avatar/a_9.jpg','13700000008','USER',1,'2026-02-20 06:28:00',0),(26,'user10','e10adc3949ba59abbe56e057f20f883e','周杰','uploads/avatar/a_10.jpg','13700000009','USER',1,'2026-03-22 11:33:00',0),(27,'user11','e10adc3949ba59abbe56e057f20f883e','陈乔恩','uploads/avatar/a_1.jpg','13700000010','USER',1,'2026-01-04 03:35:00',0),(28,'user12','e10adc3949ba59abbe56e057f20f883e','林志玲','uploads/avatar/a_2.jpg','13700000011','USER',1,'2026-02-16 23:21:00',0),(29,'user13','e10adc3949ba59abbe56e057f20f883e','黄渤','uploads/avatar/a_3.jpg','13700000012','USER',1,'2026-05-07 01:37:00',0),(30,'user14','e10adc3949ba59abbe56e057f20f883e','徐峥','uploads/avatar/a_4.jpg','13700000013','USER',1,'2026-06-01 13:54:00',0),(31,'user15','e10adc3949ba59abbe56e057f20f883e','沈腾','uploads/avatar/a_5.jpg','13700000014','USER',1,'2026-02-13 02:26:00',0),(32,'rider1','e10adc3949ba59abbe56e057f20f883e','闪电骑手·阿强','uploads/avatar/a_6.jpg','13600000000','RIDER',1,'2026-01-15 08:00:00',0),(33,'rider2','e10adc3949ba59abbe56e057f20f883e','飞毛腿·小李','uploads/avatar/a_7.jpg','13600000001','RIDER',1,'2026-02-10 08:30:00',0),(34,'rider3','e10adc3949ba59abbe56e057f20f883e','风火轮·老周','uploads/avatar/a_8.jpg','13600000002','RIDER',1,'2026-03-12 09:00:00',0),(35,'rider4','e10adc3949ba59abbe56e057f20f883e','极速达·小王','uploads/avatar/a_9.jpg','13600000003','RIDER',1,'2026-04-18 07:50:00',0),(36,'rider5','e10adc3949ba59abbe56e057f20f883e','准时送·阿明','uploads/avatar/a_10.jpg','13600000004','RIDER',1,'2026-05-22 08:10:00',0);
/*!40000 ALTER TABLE `user` ENABLE KEYS */;
UNLOCK TABLES;
/*!40103 SET TIME_ZONE=@OLD_TIME_ZONE */;

/*!40101 SET SQL_MODE=@OLD_SQL_MODE */;
/*!40014 SET FOREIGN_KEY_CHECKS=@OLD_FOREIGN_KEY_CHECKS */;
/*!40014 SET UNIQUE_CHECKS=@OLD_UNIQUE_CHECKS */;
/*!40101 SET CHARACTER_SET_CLIENT=@OLD_CHARACTER_SET_CLIENT */;
/*!40101 SET CHARACTER_SET_RESULTS=@OLD_CHARACTER_SET_RESULTS */;
/*!40101 SET COLLATION_CONNECTION=@OLD_COLLATION_CONNECTION */;
/*!40111 SET SQL_NOTES=@OLD_SQL_NOTES */;

